-0.13008,-0.30046,0.12105,-0.93491,0.30036,0.42046,2.7761
-0.1614,-0.29969,0.10336,-0.91782,0.29629,0.41491,2.775
-0.14885,-0.29549,0.085173,-0.90082,0.29221,0.40933,2.7739
-0.10217,-0.28743,0.066513,-0.88392,0.28813,0.40373,2.7727
-0.034586,-0.2749,0.047416,-0.8671,0.28405,0.39811,2.7716
0.041001,-0.25728,0.027942,-0.85039,0.27997,0.39248,2.7705
0.11111,-0.23396,0.0081813,-0.83377,0.27589,0.38682,2.7693
0.16385,-0.20437,-0.011769,-0.81725,0.2718,0.38115,2.7682
0.18914,-0.16789,-0.031811,-0.80083,0.26771,0.37546,2.767
0.18172,-0.12419,-0.051848,-0.78452,0.26362,0.36975,2.7659
0.14316,-0.074024,-0.071782,-0.76831,0.25953,0.36402,2.7647
0.078289,-0.019204,-0.091516,-0.75221,0.25543,0.35828,2.7635
-0.0059916,0.038261,-0.11095,-0.73623,0.25134,0.35252,2.7624
-0.098568,0.096365,-0.13,-0.72036,0.24724,0.34675,2.7612
-0.18213,0.1531,-0.14855,-0.70461,0.24314,0.34097,2.76
-0.23366,0.20646,-0.16651,-0.68897,0.23903,0.33517,2.7588
-0.23087,0.25445,-0.18378,-0.67345,0.23493,0.32935,2.7576
-0.16461,0.29513,-0.20027,-0.65806,0.23082,0.32353,2.7564
-0.047153,0.32658,-0.21589,-0.6428,0.22671,0.31769,2.7552
0.088717,0.34689,-0.23052,-0.62766,0.2226,0.31184,2.7539
0.20093,0.35412,-0.24408,-0.61265,0.21849,0.30598,2.7527
0.25641,0.34639,-0.25648,-0.59777,0.21437,0.30011,2.7515
0.24277,0.32259,-0.26774,-0.58303,0.21025,0.29422,2.7502
0.16748,0.28455,-0.27786,-0.56843,0.20613,0.28833,2.749
0.053423,0.23481,-0.28686,-0.55396,0.20201,0.28243,2.7477
-0.06984,0.17594,-0.29475,-0.53964,0.19789,0.27652,2.7465
-0.17454,0.11047,-0.30156,-0.52546,0.19377,0.2706,2.7452
-0.23992,0.040964,-0.3073,-0.51142,0.18964,0.26468,2.744
-0.2559,-0.03003,-0.31198,-0.49753,0.18551,0.25874,2.7427
-0.22389,-0.099885,-0.31562,-0.48379,0.18138,0.25281,2.7414
-0.15387,-0.16581,-0.31825,-0.4702,0.17725,0.24686,2.7401
-0.060457,-0.22547,-0.31987,-0.45675,0.17311,0.24091,2.7388
0.040663,-0.27666,-0.32052,-0.44345,0.16898,0.23496,2.7375
0.135,-0.31717,-0.32019,-0.43031,0.16484,0.229,2.7362
0.20928,-0.34481,-0.31892,-0.41731,0.1607,0.22303,2.7349
0.2522,-0.35736,-0.31672,-0.40445,0.15656,0.21707,2.7336
0.25558,-0.35261,-0.31363,-0.39175,0.15241,0.2111,2.7323
0.21715,-0.32919,-0.30974,-0.37919,0.14827,0.20513,2.731
0.14337,-0.28935,-0.30516,-0.36679,0.14412,0.19915,2.7297
0.0453,-0.23625,-0.29999,-0.35452,0.13997,0.19318,2.7283
-0.063578,-0.17306,-0.29436,-0.34241,0.13582,0.1872,2.727
-0.16739,-0.10293,-0.28837,-0.33044,0.13166,0.18123,2.7256
-0.24602,-0.028993,-0.28213,-0.31862,0.12751,0.17525,2.7243
-0.27481,0.04582,-0.27574,-0.30694,0.12335,0.16928,2.7229
-0.23384,0.11859,-0.26933,-0.29541,0.11919,0.16331,2.7216
-0.1245,0.18632,-0.26299,-0.28403,0.11503,0.15734,2.7202
0.026267,0.24596,-0.25684,-0.27279,0.11087,0.15137,2.7189
0.1743,0.29449,-0.25099,-0.26169,0.10671,0.14541,2.7175
0.27284,0.32886,-0.24555,-0.25075,0.10254,0.13945,2.7161
0.29134,0.34604,-0.24063,-0.23994,0.098374,0.13349,2.7147
0.22775,0.34395,-0.2363,-0.22928,0.094204,0.12754,2.7133
0.10451,0.3243,-0.23252,-0.21876,0.090031,0.12159,2.712
-0.041121,0.28974,-0.22919,-0.20839,0.085856,0.11565,2.7106
-0.17119,0.24292,-0.22622,-0.19816,0.081679,0.10972,2.7092
-0.25955,0.18651,-0.22353,-0.18807,0.0775,0.10379,2.7078
-0.29424,0.12315,-0.22101,-0.17813,0.073318,0.097868,2.7063
-0.27421,0.055501,-0.21859,-0.16832,0.069134,0.091956,2.7049
-0.20842,-0.01377,-0.21616,-0.15866,0.064947,0.086052,2.7035
-0.11148,-0.081947,-0.21363,-0.14915,0.060759,0.080157,2.7021
-0.0003901,-0.14612,-0.21092,-0.13977,0.056569,0.074272,2.7007
0.1086,-0.20334,-0.20793,-0.13054,0.052376,0.068396,2.6992
0.20154,-0.25063,-0.20457,-0.12144,0.048182,0.062531,2.6978
0.26548,-0.28506,-0.20075,-0.11249,0.043987,0.056678,2.6964
0.28937,-0.30364,-0.19637,-0.10368,0.039789,0.050836,2.6949
0.26676,-0.30435,-0.19136,-0.095017,0.03559,0.045006,2.6935
0.20077,-0.28875,-0.18562,-0.086491,0.031391,0.039188,2.692
0.1021,-0.25925,-0.17917,-0.078106,0.02719,0.033384,2.6906
-0.013853,-0.21827,-0.17199,-0.069862,0.022988,0.027594,2.6891
-0.13087,-0.16821,-0.1641,-0.06176,0.018787,0.021818,2.6876
-0.23083,-0.11146,-0.15551,-0.0538,0.014585,0.016057,2.6862
-0.29236,-0.050523,-0.14622,-0.045981,0.010383,0.010311,2.6847
-0.29485,0.011809,-0.13623,-0.038304,0.0061824,0.0045808,2.6832
-0.22631,0.072653,-0.12556,-0.030768,0.0019822,-0.0011328,2.6817
-0.094259,0.12914,-0.11421,-0.023374,-0.0022168,-0.0068295,2.6803
0.070472,0.17839,-0.10218,-0.016122,-0.0064143,-0.012509,2.6788
0.21806,0.21755,-0.089488,-0.0090125,-0.01061,-0.01817,2.6773
0.29909,0.24373,-0.076132,-0.002045,-0.014803,-0.023812,2.6758
0.28779,0.2545,-0.06212,0.0047799,-0.018993,-0.029436,2.6743
0.19041,0.24955,-0.047478,0.011462,-0.023179,-0.03504,2.6728
0.040798,0.23072,-0.032307,0.018001,-0.027362,-0.040624,2.6713
-0.1145,0.20031,-0.016738,0.024397,-0.03154,-0.046187,2.6698
-0.23504,0.16059,-0.00090785,0.03065,-0.035714,-0.051729,2.6682
-0.29798,0.11387,0.015049,0.036758,-0.039882,-0.057249,2.6667
-0.29807,0.062428,0.030997,0.042723,-0.044044,-0.062747,2.6652
-0.24382,0.0086081,0.046802,0.048543,-0.0482,-0.068222,2.6637
-0.15104,-0.045047,0.062326,0.054218,-0.052348,-0.073674,2.6622
-0.037085,-0.095944,0.077436,0.059748,-0.056489,-0.079102,2.6606
0.079884,-0.14149,0.091996,0.065133,-0.060621,-0.084505,2.6591
0.18331,-0.17909,0.10587,0.070371,-0.064744,-0.089884,2.6576
0.25943,-0.20615,0.11892,0.075463,-0.068857,-0.095237,2.656
0.29749,-0.22008,0.13102,0.080408,-0.072959,-0.10056,2.6545
0.29109,-0.21908,0.14206,0.085205,-0.077051,-0.10586,2.6529
0.2397,-0.20456,0.15209,0.089855,-0.08113,-0.11114,2.6514
0.15036,-0.17874,0.16116,0.094356,-0.085197,-0.11638,2.6498
0.036206,-0.1438,0.16936,0.098708,-0.08925,-0.1216,2.6483
-0.086037,-0.10197,0.17675,0.10291,-0.093289,-0.12679,2.6467
-0.19663,-0.055453,0.18342,0.10696,-0.097312,-0.13195,2.6452
-0.27584,-0.0064474,0.18942,0.11086,-0.10132,-0.13708,2.6436
-0.30673,0.042832,0.19484,0.11461,-0.10531,-0.14218,2.642
-0.27566,0.090169,0.19975,0.11821,-0.10928,-0.14725,2.6405
-0.1789,0.13336,0.20421,0.12165,-0.11324,-0.15229,2.6389
-0.031525,0.17022,0.2083,0.12494,-0.11717,-0.1573,2.6373
0.13059,0.19855,0.2121,0.12807,-0.12108,-0.16227,2.6357
0.25895,0.21615,0.21567,0.13105,-0.12497,-0.16721,2.6342
0.3108,0.22082,0.21909,0.13387,-0.12884,-0.17212,2.6326
0.26851,0.21113,0.22241,0.13653,-0.13269,-0.17699,2.631
0.14629,0.18865,0.22566,0.13902,-0.13651,-0.18183,2.6294
-0.014894,0.1557,0.22885,0.14136,-0.1403,-0.18663,2.6278
-0.16547,0.11461,0.23196,0.14353,-0.14407,-0.1914,2.6262
-0.26726,0.067701,0.23502,0.14554,-0.14781,-0.19613,2.6246
-0.30352,0.017304,0.23803,0.14739,-0.15152,-0.20083,2.623
-0.27763,-0.034276,0.24099,0.14906,-0.1552,-0.20549,2.6214
-0.20444,-0.084825,0.24391,0.15057,-0.15885,-0.21011,2.6198
-0.10155,-0.13223,0.24679,0.15191,-0.16246,-0.21469,2.6182
0.013044,-0.17442,0.24965,0.15307,-0.16604,-0.21924,2.6166
0.12275,-0.20928,0.25247,0.15407,-0.16959,-0.22374,2.615
0.21257,-0.23474,0.25528,0.15488,-0.1731,-0.2282,2.6134
0.27012,-0.24872,0.25807,0.15553,-0.17658,-0.23263,2.6118
0.28649,-0.2491,0.26085,0.15599,-0.18001,-0.23701,2.6102
0.25818,-0.23452,0.26356,0.15628,-0.18341,-0.24135,2.6086
0.18916,-0.20671,0.26613,0.15638,-0.18677,-0.24565,2.607
0.088482,-0.16815,0.26852,0.15631,-0.19008,-0.24991,2.6053
-0.028895,-0.12133,0.27065,0.15605,-0.19335,-0.25413,2.6037
-0.14322,-0.068758,0.27246,0.15561,-0.19658,-0.2583,2.6021
-0.23334,-0.012913,0.2739,0.15498,-0.19977,-0.26242,2.6005
-0.28071,0.043727,0.27489,0.15417,-0.20291,-0.26651,2.5988
-0.27269,0.098775,0.27538,0.15317,-0.20601,-0.27054,2.5972
-0.20631,0.14992,0.2753,0.15199,-0.20905,-0.27453,2.5956
-0.090016,0.19489,0.27459,0.15063,-0.21205,-0.27848,2.5939
0.053237,0.23137,0.27317,0.14909,-0.215,-0.28238,2.5923
0.18721,0.25709,0.27099,0.14737,-0.21791,-0.28623,2.5907
0.27234,0.26975,0.26797,0.14549,-0.22076,-0.29003,2.589
0.28025,0.26746,0.26409,0.14344,-0.22355,-0.29379,2.5874
0.20561,0.25037,0.25942,0.14123,-0.2263,-0.29749,2.5858
0.070892,0.22053,0.25403,0.13886,-0.22899,-0.30115,2.5841
-0.081291,0.18034,0.24801,0.13635,-0.23163,-0.30476,2.5825
-0.20573,0.13219,0.24143,0.13369,-0.23421,-0.30831,2.5808
-0.27281,0.078498,0.23439,0.13088,-0.23673,-0.31182,2.5792
-0.27503,0.021651,0.22696,0.12794,-0.23919,-0.31527,2.5775
-0.22197,-0.03595,0.21922,0.12487,-0.2416,-0.31868,2.5759
-0.13141,-0.091907,0.21127,0.12167,-0.24395,-0.32202,2.5743
-0.022907,-0.14375,0.20317,0.11834,-0.24624,-0.32532,2.5726
0.085559,-0.18901,0.19501,0.1149,-0.24846,-0.32856,2.571
0.17802,-0.22518,0.18688,0.11135,-0.25062,-0.33175,2.5693
0.2411,-0.24978,0.17886,0.10768,-0.25272,-0.33489,2.5676
0.26541,-0.26072,0.17103,0.10391,-0.25475,-0.33796,2.566
0.24826,-0.25778,0.16345,0.10004,-0.25672,-0.34099,2.5643
0.19293,-0.24246,0.15615,0.096074,-0.25862,-0.34395,2.5627
0.10665,-0.21659,0.14911,0.092018,-0.26046,-0.34686,2.561
0.00046447,-0.18202,0.14234,0.087875,-0.26222,-0.34971,2.5594
-0.1095,-0.14056,0.13582,0.083651,-0.26392,-0.35251,2.5577
-0.20222,-0.094046,0.12954,0.079349,-0.26554,-0.35524,2.5561
-0.25715,-0.044311,0.1235,0.074975,-0.2671,-0.35792,2.5544
-0.25969,0.0067565,0.11768,0.070534,-0.26858,-0.36054,2.5527
-0.20661,0.057011,0.11207,0.066029,-0.26999,-0.36309,2.5511
-0.1077,0.10425,0.10667,0.061466,-0.27132,-0.36559,2.5494
0.016446,0.1463,0.10146,0.056849,-0.27258,-0.36803,2.5478
0.13771,0.18094,0.096428,0.052182,-0.27376,-0.3704,2.5461
0.22621,0.20599,0.091573,0.047471,-0.27487,-0.37271,2.5444
0.25692,0.21926,0.086878,0.04272,-0.27589,-0.37496,2.5428
0.21878,0.21924,0.08232,0.037933,-0.27684,-0.37714,2.5411
0.12013,0.2071,0.077872,0.033116,-0.27771,-0.37927,2.5394
-0.011642,0.1847,0.073506,0.028272,-0.27849,-0.38132,2.5378
-0.13818,0.15387,0.069191,0.023407,-0.27919,-0.38332,2.5361
-0.22469,0.11647,0.0649,0.018525,-0.27981,-0.38524,2.5345
-0.25251,0.074344,0.060601,0.01363,-0.28035,-0.38711,2.5328
-0.22169,0.029365,0.056267,0.0087274,-0.2808,-0.3889,2.5311
-0.1471,-0.016456,0.051868,0.0038217,-0.28117,-0.39063,2.5295
-0.048482,-0.060879,0.047375,-0.0010824,-0.28144,-0.39229,2.5278
0.055713,-0.10161,0.042758,-0.0059805,-0.28163,-0.39388,2.5261
0.14891,-0.13637,0.037988,-0.010868,-0.28173,-0.39541,2.5245
0.21745,-0.16285,0.033036,-0.01574,-0.28174,-0.39686,2.5228
0.25055,-0.17877,0.027873,-0.020592,-0.28166,-0.39825,2.5211
0.24281,-0.18249,0.02247,-0.02542,-0.28149,-0.39956,2.5195
0.19738,-0.17496,0.016808,-0.030218,-0.28122,-0.40081,2.5178
0.1217,-0.15785,0.010923,-0.034983,-0.28086,-0.40198,2.5162
0.025375,-0.13283,0.0048622,-0.039709,-0.28041,-0.40308,2.5145
-0.079161,-0.10159,-0.0013221,-0.044392,-0.27986,-0.40411,2.5128
-0.17459,-0.06579,-0.0075797,-0.049028,-0.27921,-0.40507,2.5112
-0.24,-0.027121,-0.01386,-0.053611,-0.27846,-0.40596,2.5095
-0.25573,0.012711,-0.020111,-0.058138,-0.27761,-0.40677,2.5078
-0.21138,0.051859,-0.026284,-0.062603,-0.27666,-0.40751,2.5062
-0.11459,0.088385,-0.032328,-0.067002,-0.27561,-0.40818,2.5045
0.011442,0.12034,-0.03819,-0.071331,-0.27445,-0.40877,2.5029
0.13431,0.14577,-0.043822,-0.075584,-0.27319,-0.4093,2.5012
0.22332,0.16273,-0.049172,-0.079757,-0.27182,-0.40975,2.4995
0.25614,0.16926,-0.054188,-0.083845,-0.27034,-0.41012,2.4979
0.22557,0.16405,-0.058828,-0.087845,-0.26875,-0.41042,2.4962
0.13937,0.14832,-0.063114,-0.091751,-0.26705,-0.41065,2.4946
0.018817,0.12395,-0.067081,-0.095558,-0.26523,-0.41081,2.4929
-0.10584,0.092803,-0.070765,-0.099262,-0.26331,-0.4109,2.4913
-0.20304,0.056754,-0.074204,-0.10286,-0.26126,-0.41091,2.4896
-0.24921,0.01767,-0.077433,-0.10634,-0.25909,-0.41085,2.488
-0.23771,-0.022571,-0.080489,-0.10971,-0.25681,-0.41072,2.4863
-0.1782,-0.062082,-0.083407,-0.11296,-0.2544,-0.41052,2.4847
-0.088542,-0.099055,-0.086225,-0.11608,-0.25186,-0.41025,2.483
0.012695,-0.1317,-0.088978,-0.11907,-0.2492,-0.4099,2.4814
0.10876,-0.15824,-0.091704,-0.12192,-0.24641,-0.40949,2.4797
0.18569,-0.17688,-0.094437,-0.12464,-0.24349,-0.40901,2.4781
0.23234,-0.18584,-0.097215,-0.1272,-0.24043,-0.40846,2.4764
0.24155,-0.18334,-0.10007,-0.12963,-0.23724,-0.40785,2.4748
0.21193,-0.1683,-0.10299,-0.13189,-0.23392,-0.40716,2.4731
0.14829,-0.14235,-0.10596,-0.134,-0.23045,-0.40641,2.4715
0.060107,-0.10781,-0.10896,-0.13594,-0.22685,-0.40559,2.4698
-0.040237,-0.066978,-0.11196,-0.13772,-0.22311,-0.4047,2.4682
-0.13767,-0.022157,-0.11495,-0.13931,-0.21922,-0.40375,2.4666
-0.2139,0.024345,-0.11791,-0.14073,-0.2152,-0.40273,2.4649
-0.24842,0.070273,-0.12081,-0.14196,-0.21103,-0.40165,2.4633
-0.22589,0.11358,-0.12363,-0.143,-0.20671,-0.4005,2.4617
-0.14361,0.15233,-0.12636,-0.14384,-0.20225,-0.39929,2.46
-0.017464,0.18457,-0.12896,-0.14448,-0.19765,-0.39801,2.4584
0.11766,0.20837,-0.13141,-0.14491,-0.1929,-0.39667,2.4568
0.22007,0.2218,-0.13369,-0.14514,-0.188,-0.39527,2.4551
0.25957,0.22292,-0.13578,-0.14515,-0.18296,-0.3938,2.4535
0.22748,0.21047,-0.13763,-0.14494,-0.17778,-0.39227,2.4519
0.13453,0.18598,-0.13921,-0.14451,-0.17245,-0.39068,2.4502
0.0076597,0.15167,-0.14047,-0.14386,-0.167,-0.38903,2.4486
-0.1203,0.10976,-0.14137,-0.14297,-0.16141,-0.38731,2.447
-0.2192,0.062459,-0.14186,-0.14184,-0.15569,-0.38554,2.4454
-0.26761,0.011986,-0.14189,-0.14048,-0.14985,-0.3837,2.4438
-0.25809,-0.039441,-0.14141,-0.13889,-0.1439,-0.38181,2.4421
-0.19715,-0.089663,-0.14035,-0.13706,-0.13783,-0.37985,2.4405
-0.10087,-0.13674,-0.13868,-0.135,-0.13166,-0.37784,2.4389
0.010121,-0.17879,-0.13633,-0.13273,-0.12539,-0.37576,2.4373
0.1167,-0.21394,-0.13324,-0.13024,-0.11902,-0.37363,2.4357
0.20373,-0.2403,-0.12935,-0.12754,-0.11256,-0.37144,2.4341
0.259,-0.25599,-0.12461,-0.12464,-0.10601,-0.3692,2.4324
0.27447,-0.25912,-0.11896,-0.12155,-0.099374,-0.36689,2.4308
0.24687,-0.2481,-0.11242,-0.11828,-0.092664,-0.36453,2.4292
0.17951,-0.22305,-0.10505,-0.11483,-0.085882,-0.36212,2.4276
0.084112,-0.18607,-0.096964,-0.11121,-0.079033,-0.35965,2.426
-0.024903,-0.13969,-0.088251,-0.10743,-0.07212,-0.35712,2.4244
-0.13311,-0.086417,-0.079011,-0.10349,-0.06515,-0.35454,2.4228
-0.22459,-0.02876,-0.06934,-0.099398,-0.058127,-0.3519,2.4212
-0.28062,0.030776,-0.059337,-0.095167,-0.051056,-0.34921,2.4196
-0.28232,0.089707,-0.049098,-0.090802,-0.043942,-0.34646,2.418
-0.21749,0.14546,-0.038723,-0.08631,-0.03679,-0.34367,2.4164
-0.092121,0.19541,-0.028307,-0.081698,-0.029604,-0.34082,2.4148
0.064631,0.23695,-0.017949,-0.076972,-0.02239,-0.33791,2.4132
0.20619,0.26745,-0.0077461,-0.072141,-0.015153,-0.33496,2.4117
0.2863,0.28429,0.002204,-0.067212,-0.0078968,-0.33195,2.4101
0.27951,0.28522,0.011804,-0.062191,-0.00062703,-0.3289,2.4085
0.18975,0.26991,0.02096,-0.057086,0.0066516,-0.32579,2.4069
0.046961,0.24032,0.029601,-0.051904,0.013934,-0.32263,2.4053
-0.10572,0.19886,0.037673,-0.046653,0.021216,-0.31942,2.4037
-0.22783,0.14795,0.045129,-0.041339,0.028492,-0.31616,2.4022
-0.29362,0.089985,0.051922,-0.035969,0.035757,-0.31286,2.4006
-0.29395,0.027385,0.058002,-0.030552,0.043006,-0.3095,2.399
-0.23486,-0.037347,0.063322,-0.025093,0.050235,-0.3061,2.3974
-0.13329,-0.10131,0.067834,-0.019601,0.057438,-0.30265,2.3959
-0.010378,-0.1615,0.071491,-0.014082,0.064611,-0.29915,2.3943
0.11214,-0.21493,0.074243,-0.0085435,0.071749,-0.2956,2.3927
0.21572,-0.25859,0.076044,-0.002993,0.078846,-0.29201,2.3912
0.28613,-0.28948,0.076845,0.0025625,0.085899,-0.28838,2.3896
0.31343,-0.30461,0.076597,0.0081164,0.092902,-0.28469,2.3881
0.29275,-0.30188,0.075277,0.013663,0.099849,-0.28096,2.3865
0.22721,-0.28276,0.07296,0.019195,0.10674,-0.27719,2.385
0.12641,-0.24965,0.069749,0.024702,0.11356,-0.27337,2.3834
0.0056301,-0.20491,0.06575,0.030174,0.12031,-0.26951,2.3819
-0.11813,-0.15094,0.061066,0.035601,0.12699,-0.26561,2.3803
-0.22847,-0.090099,0.055804,0.040969,0.13359,-0.26166,2.3788
-0.30852,-0.024784,0.050069,0.046269,0.14011,-0.25767,2.3772
-0.34043,0.042595,0.043964,0.051489,0.14654,-0.25364,2.3757
-0.30895,0.10938,0.037597,0.056616,0.15287,-0.24956,2.3741
-0.20758,0.1725,0.031079,0.061633,0.1591,-0.24545,2.3726
-0.049419,0.22875,0.02452,0.066523,0.16524,-0.24129,2.3711
0.12882,0.27496,0.018032,0.071268,0.17126,-0.23709,2.3696
0.27494,0.30795,0.011729,0.07585,0.17716,-0.23286,2.368
0.34342,0.32453,0.0057198,0.08025,0.18295,-0.22858,2.3665
0.31605,0.32245,0.00010479,0.084451,0.18862,-0.22426,2.365
0.20733,0.3032,-0.0050741,0.088436,0.19416,-0.21991,2.3635
0.048044,0.26917,-0.0098022,0.092193,0.19956,-0.21551,2.3619
-0.12583,0.2228,-0.014069,0.095713,0.20483,-0.21108,2.3604
-0.2636,0.16651,-0.017863,0.098985,0.20995,-0.20661,2.3589
-0.32748,0.10272,-0.021174,0.102,0.21493,-0.20211,2.3574
-0.31284,0.033891,-0.023992,0.10475,0.21975,-0.19756,2.3559
-0.2349,-0.037243,-0.026304,0.10721,0.22442,-0.19298,2.3544
-0.11857,-0.10758,-0.028102,0.10939,0.22892,-0.18837,2.3529
0.010575,-0.17392,-0.029377,0.11128,0.23326,-0.18372,2.3514
0.13205,-0.23309,-0.030123,0.11286,0.23742,-0.17903,2.3499
0.22898,-0.2819,-0.030335,0.11414,0.24141,-0.17431,2.3484
0.28937,-0.31716,-0.030009,0.11512,0.24521,-0.16956,2.3469
0.30485,-0.33568,-0.02914,0.11578,0.24883,-0.16477,2.3454
0.27237,-0.33522,-0.027737,0.11612,0.25225,-0.15995,2.344
0.19791,-0.31725,-0.025859,0.11614,0.25548,-0.15509,2.3425
0.092755,-0.28421,-0.02358,0.11583,0.25851,-0.15021,2.341
-0.027071,-0.23852,-0.020975,0.11519,0.26133,-0.14529,2.3395
-0.14287,-0.1826,-0.018115,0.11421,0.26395,-0.14034,2.3381
-0.23763,-0.11888,-0.015075,0.11288,0.26636,-0.13535,2.3366
-0.29665,-0.049857,-0.011929,0.1112,0.26856,-0.13034,2.3351
-0.30548,0.021569,-0.0087501,0.10916,0.27053,-0.1253,2.3337
-0.25787,0.092246,-0.0056116,0.10676,0.27229,-0.12023,2.3322
-0.14964,0.15898,-0.0025873,0.10399,0.27383,-0.11512,2.3307
0.0055817,0.21859,0.00024933,0.10084,0.27513,-0.10999,2.3293
0.16896,0.26788,0.0028246,0.097318,0.2762,-0.10483,2.3278
0.28777,0.30366,0.005065,0.093409,0.27703,-0.099642,2.3264
0.31259,0.32275,0.0068969,0.089111,0.27762,-0.094425,2.325
0.23461,0.32291,0.0082511,0.084421,0.27797,-0.089181,2.3235
0.083078,0.30574,0.0090943,0.079353,0.27807,-0.08391,2.3221
-0.092054,0.2737,0.009472,0.073928,0.27792,-0.078613,2.3206
-0.23672,0.22925,0.0094424,0.068173,0.27752,-0.073289,2.3192
-0.31376,0.17485,0.0090596,0.062121,0.27688,-0.06794,2.3178
-0.31281,0.11294,0.0083755,0.055804,0.27599,-0.062565,2.3164
-0.24545,0.046024,0.0074419,0.049257,0.27485,-0.057167,2.3149
-0.13492,-0.023058,0.0063104,0.042513,0.27346,-0.051744,2.3135
-0.0062132,-0.09087,0.0050327,0.035606,0.27182,-0.046298,2.3121
0.1184,-0.15385,0.0036606,0.028571,0.26994,-0.040829,2.3107
0.22079,-0.20843,0.0022457,0.02144,0.2678,-0.035339,2.3093
0.28729,-0.25106,0.00083986,0.014249,0.26541,-0.029828,2.3079
0.30912,-0.27862,-0.00050534,0.0070311,0.26277,-0.024298,2.3065
0.28426,-0.29028,-0.0017382,-0.00018031,0.25988,-0.018748,2.3051
0.21726,-0.28726,-0.002816,-0.0073509,0.25673,-0.01318,2.3037
0.11825,-0.27114,-0.0037303,-0.014447,0.25334,-0.0075952,2.3023
0.00097345,-0.24351,-0.0044721,-0.021434,0.2497,-0.0019949,2.3009
-0.11772,-0.20596,-0.0050299,-0.028279,0.2458,0.0036199,2.2996
-0.21919,-0.16006,-0.0053925,-0.034948,0.24166,0.009248,2.2982
-0.286,-0.10741,-0.0055484,-0.041406,0.23726,0.014888,2.2968
-0.30569,-0.049799,-0.0054868,-0.04762,0.23262,0.020539,2.2954
-0.27086,0.010113,-0.0052001,-0.053551,0.22772,0.026199,2.2941
-0.18177,0.06935,-0.0046851,-0.059158,0.22258,0.031866,2.2927
-0.049649,0.1249,-0.0039399,-0.064397,0.21719,0.03754,2.2914
0.10036,0.17377,-0.00296,-0.069227,0.21155,0.043218,2.29
0.22971,0.21293,-0.0017356,-0.073614,0.20566,0.048899,2.2887
0.29878,0.23939,-0.00025138,-0.077526,0.19952,0.054581,2.2873
0.28198,0.25088,0.0015092,-0.080935,0.19314,0.060263,2.286
0.17994,0.24815,0.0035436,-0.083813,0.1865,0.065944,2.2846
0.025045,0.23277,0.0057745,-0.086132,0.17963,0.071622,2.2833
-0.13233,0.20634,0.0081074,-0.087871,0.17251,0.077295,2.282
-0.2447,0.17044,0.01045,-0.089015,0.16514,0.082962,2.2806
-0.28479,0.12667,0.01271,-0.089545,0.15753,0.088621,2.2793
-0.25229,0.076711,0.014795,-0.089447,0.14967,0.094271,2.278
-0.16589,0.022725,0.016614,-0.088709,0.14157,0.099911,2.2767
-0.052142,-0.032459,0.018075,-0.087321,0.13325,0.10554,2.2754
0.06455,-0.085866,0.019085,-0.085275,0.1247,0.11115,2.2741
0.16539,-0.13452,0.019553,-0.08256,0.11593,0.11675,2.2728
0.23668,-0.17544,0.019388,-0.079173,0.10696,0.12233,2.2715
0.26891,-0.20566,0.018512,-0.07512,0.097799,0.12789,2.2702
0.25877,-0.22287,0.016861,-0.07043,0.088457,0.13344,2.2689
0.21015,-0.22749,0.014386,-0.065142,0.078951,0.13896,2.2676
0.13091,-0.22063,0.011086,-0.059322,0.069297,0.14446,2.2663
0.031114,-0.20351,0.007062,-0.053041,0.059511,0.14993,2.265
-0.074667,-0.17735,0.0024407,-0.046372,0.049609,0.15538,2.2638
-0.16987,-0.14339,-0.0026523,-0.039385,0.039607,0.1608,2.2625
-0.23732,-0.10287,-0.0080911,-0.032153,0.029522,0.16619,2.2612
-0.26294,-0.057152,-0.01375,-0.024747,0.019369,0.17156,2.26
-0.23783,-0.00819,-0.019502,-0.017238,0.0091636,0.17689,2.2587
-0.16395,0.041606,-0.025223,-0.0096996,-0.001077,0.18218,2.2575
-0.053472,0.089744,-0.030786,-0.002202,-0.011337,0.18744,2.2562
0.072515,0.13373,-0.036065,0.0051826,-0.021601,0.19267,2.255
0.18614,0.17108,-0.040934,0.012383,-0.031852,0.19785,2.2537
0.25743,0.19929,-0.045267,0.019326,-0.042075,0.203,2.2525
0.2631,0.21588,-0.048939,0.025942,-0.052252,0.20811,2.2513
0.19621,0.21902,-0.051834,0.032161,-0.06237,0.21317,2.25
0.071758,0.20959,-0.053883,0.037931,-0.072414,0.21819,2.2488
-0.07413,0.18916,-0.055048,0.043213,-0.082371,0.22316,2.2476
-0.19722,0.15928,-0.055307,0.047985,-0.092228,0.22809,2.2464
-0.2621,0.12152,-0.054656,0.052243,-0.10198,0.23297,2.2452
-0.25494,0.077457,-0.053094,0.055989,-0.1116,0.23779,2.244
-0.1858,0.028937,-0.050622,0.059227,-0.12111,0.24257,2.2428
-0.079146,-0.021398,-0.047242,0.061964,-0.13048,0.24729,2.2416
0.037593,-0.070717,-0.042964,0.064212,-0.1397,0.25196,2.2404
0.14227,-0.11619,-0.037801,0.065988,-0.14878,0.25657,2.2392
0.21986,-0.15498,-0.031767,0.067309,-0.1577,0.26112,2.2381
0.2605,-0.18427,-0.024873,0.06819,-0.16645,0.26561,2.2369
0.25911,-0.20187,-0.017133,0.068646,-0.17503,0.27005,2.2357
0.21806,-0.20825,-0.0085588,0.068693,-0.18343,0.27442,2.2346
0.14486,-0.20451,0.00080418,0.068344,-0.19162,0.27872,2.2334
0.050316,-0.19161,0.010786,0.067614,-0.19962,0.28296,2.2323
-0.052755,-0.17049,0.021185,0.066517,-0.2074,0.28713,2.2311
-0.14984,-0.14207,0.031799,0.065067,-0.21496,0.29124,2.23
-0.22432,-0.1073,0.042427,0.063278,-0.22229,0.29527,2.2288
-0.25918,-0.067221,0.052866,0.061165,-0.22937,0.29924,2.2277
-0.2421,-0.023457,0.062914,0.058742,-0.23619,0.30313,2.2266
-0.17116,0.021734,0.072371,0.056022,-0.24276,0.30694,2.2254
-0.059281,0.065964,0.081033,0.05302,-0.24905,0.31068,2.2243
0.068099,0.10684,0.088699,0.04975,-0.25505,0.31434,2.2232
0.17985,0.14198,0.095169,0.046226,-0.26077,0.31793,2.2221
0.24724,0.16899,0.10024,0.042456,-0.26617,0.32143,2.221
0.25364,0.18549,0.10373,0.038451,-0.27127,0.32485,2.2199
0.19684,0.18973,0.10544,0.034226,-0.27604,0.32818,2.2188
0.088935,0.18257,0.10529,0.029802,-0.28048,0.33143,2.2177
-0.043248,0.16538,0.10337,0.02521,-0.28457,0.3346,2.2167
-0.16419,0.13949,0.099774,0.020479,-0.28831,0.33767,2.2156
-0.23957,0.10624,0.094606,0.015641,-0.29169,0.34066,2.2145
-0.24956,0.066948,0.087972,0.010726,-0.29469,0.34355,2.2134
-0.19509,0.023112,0.079977,0.0057649,-0.29731,0.34635,2.2124
-0.095323,-0.023054,0.070725,0.00078873,-0.29953,0.34906,2.2113
0.021813,-0.068666,0.060321,-0.0041718,-0.30135,0.35167,2.2103
0.12996,-0.11071,0.048869,-0.009086,-0.30276,0.35419,2.2092
0.21127,-0.14618,0.036473,-0.013923,-0.30374,0.3566,2.2082
0.25589,-0.17206,0.023239,-0.018652,-0.3043,0.35892,2.2072
0.25779,-0.18599,0.0092698,-0.023242,-0.30441,0.36113,2.2061
0.21828,-0.18819,-0.0053289,-0.027663,-0.30407,0.36325,2.2051
0.14455,-0.17974,-0.020421,-0.031884,-0.30327,0.36527,2.2041
0.047917,-0.16187,-0.03575,-0.035873,-0.30201,0.36719,2.2031
-0.057079,-0.13579,-0.051054,-0.0396,-0.30028,0.36901,2.2021
-0.15641,-0.10274,-0.066077,-0.043035,-0.29806,0.37073,2.2011
-0.23526,-0.063934,-0.080566,-0.046144,-0.29536,0.37236,2.2001
-0.2784,-0.020592,-0.094264,-0.048889,-0.29217,0.37389,2.1991
-0.27084,0.025818,-0.10692,-0.051228,-0.28849,0.37533,2.1981
-0.20376,0.072857,-0.11827,-0.053121,-0.28433,0.37667,2.1972
-0.083955,0.11784,-0.12806,-0.054527,-0.27969,0.37791,2.1962
0.062961,0.15809,-0.13605,-0.055406,-0.27457,0.37906,2.1952
0.19758,0.19091,-0.14197,-0.055715,-0.26898,0.38011,2.1943
0.28218,0.21362,-0.14557,-0.055413,-0.26291,0.38108,2.1933
0.29266,0.22355,-0.14656,-0.054467,-0.25639,0.38195,2.1924
0.22714,0.21875,-0.14472,-0.052877,-0.24944,0.38272,2.1914
0.10382,0.2003,-0.14008,-0.050682,-0.24206,0.38341,2.1905
-0.043945,0.17018,-0.13288,-0.047931,-0.23428,0.384,2.1896
-0.17893,0.13036,-0.12339,-0.044674,-0.22611,0.3845,2.1886
-0.26898,0.082854,-0.11188,-0.040959,-0.21756,0.38491,2.1877
-0.29407,0.029643,-0.098619,-0.036836,-0.20866,0.38523,2.1868
-0.25089,-0.027131,-0.083869,-0.032353,-0.19942,0.38547,2.1859
-0.15364,-0.084744,-0.067903,-0.02756,-0.18986,0.38561,2.185
-0.027563,-0.14033,-0.050987,-0.022506,-0.17999,0.38566,2.1841
0.099517,-0.19101,-0.03339,-0.017239,-0.16982,0.38563,2.1832
0.20456,-0.23393,-0.015381,-0.011809,-0.15938,0.38551,2.1823
0.27283,-0.26622,0.0027809,-0.0062653,-0.14869,0.3853,2.1815
0.29619,-0.28505,0.020865,-0.0006565,-0.13775,0.38501,2.1806
0.27209,-0.28799,0.038656,0.0049682,-0.12658,0.38463,2.1797
0.20507,-0.27463,0.055965,0.01056,-0.1152,0.38417,2.1789
0.1064,-0.24677,0.072597,0.016069,-0.10363,0.38362,2.178
-0.0086253,-0.20664,0.08835,0.021447,-0.09188,0.38299,2.1772
-0.12279,-0.15651,0.10303,0.026645,-0.079969,0.38227,2.1763
-0.22007,-0.098608,0.11642,0.031613,-0.067913,0.38147,2.1755
-0.28664,-0.035226,0.12834,0.036302,-0.055728,0.38059,2.1747
-0.30902,0.031147,0.13858,0.040665,-0.04343,0.37962,2.1738
-0.27376,0.097704,0.14695,0.04465,-0.031035,0.37858,2.173
-0.17529,0.16135,0.15324,0.048209,-0.018559,0.37745,2.1722
-0.027873,0.21891,0.15724,0.051294,-0.0060202,0.37624,2.1714
0.1332,0.26725,0.15878,0.053855,0.006567,0.37496,2.1706
0.26147,0.30319,0.15762,0.055848,0.019186,0.37359,2.1698
0.31604,0.32357,0.15356,0.057256,0.03182,0.37215,2.169
0.27918,0.32617,0.14636,0.058094,0.044454,0.37063,2.1682
0.16186,0.31239,0.13603,0.058384,0.05707,0.36903,2.1674
0.00058853,0.28428,0.12291,0.058148,0.069652,0.36735,2.1667
-0.15744,0.24385,0.10739,0.057412,0.082182,0.36559,2.1659
-0.27131,0.19308,0.08988,0.056201,0.094639,0.36377,2.1651
-0.31622,0.13396,0.070766,0.05454,0.10701,0.36186,2.1644
-0.28719,0.068609,0.050451,0.052455,0.11926,0.35988,2.1636
-0.19654,-0.00026005,0.029331,0.04997,0.13139,0.35783,2.1629
-0.068706,-0.069217,0.0078046,0.04711,0.14337,0.3557,2.1621
0.068835,-0.13469,-0.013729,0.043899,0.15519,0.3535,2.1614
0.19101,-0.19311,-0.034873,0.040361,0.16682,0.35122,2.1607
0.27814,-0.24091,-0.055229,0.03652,0.17825,0.34888,2.16
0.31842,-0.27498,-0.074398,0.0324,0.18947,0.34646,2.1592
0.30848,-0.29446,-0.091984,0.028025,0.20045,0.34397,2.1585
0.25186,-0.30038,-0.10759,0.023417,0.21117,0.34141,2.1578
0.15767,-0.29414,-0.12085,0.018599,0.22163,0.33878,2.1571
0.039903,-0.27691,-0.13158,0.013594,0.23181,0.33608,2.1564
-0.08453,-0.24968,-0.13982,0.008425,0.24168,0.33331,2.1557
-0.19762,-0.21342,-0.1456,0.0031153,0.25123,0.33047,2.155
-0.28408,-0.16907,-0.149,-0.0023125,0.26045,0.32757,2.1543
-0.33078,-0.11779,-0.15007,-0.0078355,0.26932,0.3246,2.1537
-0.32554,-0.061623,-0.14888,-0.013431,0.27782,0.32156,2.153
-0.25858,-0.003283,-0.14548,-0.019069,0.28593,0.31845,2.1523
-0.13084,0.054412,-0.13996,-0.024712,0.29365,0.31528,2.1517
0.037147,0.10864,-0.13239,-0.030315,0.30096,0.31205,2.151
0.20396,0.15659,-0.12286,-0.035834,0.30784,0.30875,2.1504
0.31777,0.19543,-0.11145,-0.041221,0.31428,0.30538,2.1497
0.33775,0.22235,-0.098249,-0.046435,0.32026,0.30196,2.1491
0.25511,0.23519,-0.083339,-0.051435,0.32578,0.29846,2.1484
0.095697,0.23444,-0.066806,-0.056181,0.33084,0.29491,2.1478
-0.089589,0.22132,-0.048778,-0.060631,0.33541,0.2913,2.1472
-0.24506,0.19718,-0.029539,-0.064744,0.33949,0.28762,2.1465
-0.33151,0.1635,-0.0095049,-0.06848,0.34308,0.28388,2.1459
-0.33525,0.12181,0.010883,-0.071798,0.34616,0.28009,2.1453
-0.26544,0.073854,0.031184,-0.074656,0.34872,0.27623,2.1447
-0.14618,0.022361,0.050958,-0.077015,0.35075,0.27232,2.1441
-0.0063227,-0.029712,0.069764,-0.078833,0.35224,0.26835,2.1435
0.12898,-0.079404,0.087162,-0.080069,0.35319,0.26432,2.1429
0.23897,-0.12376,0.10271,-0.080683,0.35358,0.26024,2.1423
0.3093,-0.1598,0.11597,-0.080634,0.35341,0.2561,2.1418
0.33152,-0.18459,0.1265,-0.079885,0.35266,0.25192,2.1412
0.30233,-0.19581,0.13386,-0.078405,0.35135,0.24768,2.1406
0.22708,-0.19392,0.13772,-0.076164,0.34946,0.24339,2.14
0.11788,-0.18047,0.13819,-0.073132,0.34701,0.23905,2.1395
-0.0091598,-0.15713,0.1355,-0.069292,0.344,0.23467,2.1389
-0.13474,-0.12556,0.12993,-0.064688,0.34046,0.23024,2.1384
-0.24004,-0.08743,0.1218,-0.059381,0.33638,0.22576,2.1378
-0.31017,-0.044405,0.11141,-0.053438,0.3318,0.22124,2.1373
-0.33301,0.0017453,0.09906,-0.046921,0.32673,0.21668,2.1367
-0.30069,0.048791,0.08505,-0.039897,0.32119,0.21207,2.1362
-0.21021,0.094185,0.069687,-0.03243,0.3152,0.20742,2.1357
-0.069147,0.13532,0.053273,-0.024584,0.30877,0.20273,2.1351
0.096959,0.1696,0.036111,-0.016423,0.30193,0.19801,2.1346
0.24555,0.19442,0.018506,-0.0080137,0.2947,0.19324,2.1341
0.32936,0.20719,0.0007545,0.00058064,0.28709,0.18844,2.1336
0.31602,0.20605,-0.01687,0.0092957,0.27913,0.18361,2.1331
0.20447,0.19207,-0.034139,0.018069,0.27082,0.17874,2.1326
0.031216,0.16708,-0.050832,0.026839,0.26219,0.17383,2.1321
-0.14632,0.13288,-0.066729,0.035545,0.25325,0.1689,2.1316
-0.27302,0.091271,-0.08161,0.044124,0.24402,0.16393,2.1311
-0.31787,0.044069,-0.095256,0.052515,0.23451,0.15894,2.1306
-0.27975,-0.006821,-0.10745,0.060655,0.22473,0.15391,2.1301
-0.17999,-0.05905,-0.11796,0.068485,0.21472,0.14886,2.1296
-0.04978,-0.11,-0.12658,0.07594,0.20447,0.14379,2.1292
0.082338,-0.157,-0.13308,0.082962,0.194,0.13868,2.1287
0.19432,-0.19739,-0.13725,0.089487,0.18334,0.13356,2.1282
0.27163,-0.2285,-0.13888,0.095461,0.1725,0.12841,2.1278
0.30543,-0.24766,-0.13775,0.10084,0.16149,0.12324,2.1273
0.29193,-0.25298,-0.1337,0.10562,0.15033,0.11805,2.1269
0.2344,-0.24551,-0.12664,0.10977,0.13902,0.11283,2.1264
0.14227,-0.22673,-0.11681,0.11329,0.1276,0.10761,2.126
0.02925,-0.19803,-0.10454,0.11617,0.11606,0.10236,2.1255
-0.088621,-0.16081,-0.090171,0.11838,0.10443,0.097096,2.1251
-0.19322,-0.11648,-0.074027,0.11993,0.092704,0.091819,2.1247
-0.26823,-0.066421,-0.05646,0.12083,0.080908,0.086528,2.1242
-0.30241,-0.012145,-0.037821,0.12108,0.069047,0.081224,2.1238
-0.2889,0.044306,-0.018462,0.1207,0.057132,0.075909,2.1234
-0.22562,0.1004,0.0012658,0.11971,0.04517,0.070584,2.123
-0.11752,0.15349,0.021011,0.11811,0.033171,0.065249,2.1226
0.021063,0.20096,0.040421,0.11593,0.021142,0.059906,2.1222
0.16199,0.24016,0.059145,0.11317,0.0090933,0.054557,2.1218
0.26723,0.26847,0.076832,0.10986,-0.002967,0.049201,2.1214
0.30034,0.28324,0.093131,0.10599,-0.01503,0.043841,2.121
0.24289,0.28261,0.10772,0.10159,-0.027087,0.038477,2.1206
0.10706,0.26774,0.12043,0.096678,-0.03913,0.033111,2.1202
-0.063953,0.24044,0.13124,0.091255,-0.051149,0.027744,2.1198
-0.21307,0.20246,0.14018,0.085341,-0.063136,0.022376,2.1194
-0.2943,0.15558,0.14727,0.078948,-0.075082,0.01701,2.1191
-0.28886,0.10158,0.15253,0.07209,-0.086979,0.011645,2.1187
-0.20846,0.042391,0.15598,0.064782,-0.098817,0.0062842,2.1183
-0.083829,-0.019463,0.15763,0.057048,-0.11059,0.00092755,2.118
0.050325,-0.080641,0.15749,0.048921,-0.12228,-0.0044235,2.1176
0.16653,-0.13761,0.15554,0.040441,-0.13389,-0.009768,2.1173
0.24771,-0.18684,0.15179,0.031647,-0.14541,-0.015105,2.1169
0.28487,-0.22517,0.14623,0.022575,-0.15683,-0.020432,2.1166
0.27629,-0.25125,0.13886,0.013265,-0.16813,-0.02575,2.1162
0.22623,-0.26536,0.12967,0.003755,-0.17932,-0.031056,2.1159
0.14275,-0.26812,0.11867,-0.005917,-0.19038,-0.03635,2.1155
0.038015,-0.26014,0.10586,-0.015713,-0.2013,-0.04163,2.1152
-0.072514,-0.24214,0.09134,-0.025594,-0.21207,-0.046896,2.1149
-0.17277,-0.2149,0.075274,-0.035521,-0.22269,-0.052146,2.1146
-0.24679,-0.1792,0.05785,-0.045458,-0.23315,-0.057379,2.1142
-0.28161,-0.13586,0.039254,-0.055365,-0.24344,-0.062594,2.1139
-0.26996,-0.086005,0.019699,-0.065205,-0.25354,-0.06779,2.1136
-0.21088,-0.032168,-0.00048282,-0.074938,-0.26346,-0.072966,2.1133
-0.11212,0.022787,-0.02093,-0.084527,-0.27317,-0.07812,2.113
0.010381,0.075994,-0.041281,-0.093933,-0.28269,-0.083252,2.1127
0.13487,0.12459,-0.061176,-0.10312,-0.29198,-0.08836,2.1124
0.23442,0.16572,-0.080278,-0.11204,-0.30105,-0.093443,2.1121
0.28087,0.19665,-0.098349,-0.12067,-0.30989,-0.0985,2.1118
0.2553,0.21526,-0.11517,-0.12896,-0.31849,-0.10353,2.1115
0.1564,0.22179,-0.13055,-0.13688,-0.32683,-0.10853,2.1112
0.0081792,0.21714,-0.14433,-0.14439,-0.33492,-0.1135,2.1109
-0.14417,0.2023,-0.15644,-0.15144,-0.34274,-0.11845,2.1106
-0.25084,0.17828,-0.16685,-0.15801,-0.35028,-0.12336,2.1104
-0.27853,0.14608,-0.17552,-0.16405,-0.35754,-0.12823,2.1101
-0.22378,0.10685,-0.18239,-0.16952,-0.36451,-0.13308,2.1098
-0.1103,0.062518,-0.18743,-0.17439,-0.37117,-0.13788,2.1096
0.025186,0.015899,-0.19059,-0.17862,-0.37752,-0.14266,2.1093
0.14808,-0.029993,-0.19182,-0.18217,-0.38355,-0.14739,2.109
0.23589,-0.072146,-0.19108,-0.185,-0.38925,-0.15209,2.1088
0.27758,-0.10784,-0.1883,-0.18712,-0.39461,-0.15674,2.1085
0.27228,-0.13578,-0.18337,-0.18852,-0.39962,-0.16136,2.1083
0.22492,-0.15598,-0.17622,-0.18922,-0.40429,-0.16593,2.108
0.14457,-0.16872,-0.16676,-0.18922,-0.40859,-0.17046,2.1078
0.043625,-0.17427,-0.15488,-0.18854,-0.41253,-0.17495,2.1075
-0.063829,-0.17278,-0.14059,-0.18721,-0.41611,-0.17939,2.1073
-0.16311,-0.16415,-0.12413,-0.18526,-0.41934,-0.18379,2.1071
-0.23963,-0.14825,-0.10581,-0.18272,-0.4222,-0.18814,2.1068
-0.28,-0.12495,-0.085906,-0.17962,-0.4247,-0.19243,2.1066
-0.27384,-0.094516,-0.064727,-0.17598,-0.42684,-0.19668,2.1064
-0.21683,-0.058826,-0.042564,-0.17185,-0.42862,-0.20088,2.1062
-0.11557,-0.020172,-0.019713,-0.16723,-0.43004,-0.20503,2.1059
0.011965,0.019155,0.0035313,-0.16215,-0.43111,-0.20912,2.1057
0.13908,0.056866,0.026872,-0.15664,-0.43183,-0.21316,2.1055
0.23638,0.090672,0.050015,-0.15071,-0.43222,-0.21714,2.1053
0.28029,0.11828,0.072664,-0.14439,-0.43227,-0.22107,2.1051
0.25778,0.13765,0.094523,-0.13771,-0.432,-0.22494,2.1049
0.16977,0.14787,0.1153,-0.13067,-0.43141,-0.22875,2.1047
0.034774,0.14916,0.13469,-0.12331,-0.43051,-0.2325,2.1045
-0.11211,0.14192,0.15242,-0.11564,-0.4293,-0.23619,2.1043
-0.22898,0.12653,0.16825,-0.10769,-0.42778,-0.23982,2.1041
-0.28003,0.10327,0.182,-0.099483,-0.42598,-0.2434,2.1039
-0.25034,0.072753,0.19359,-0.091033,-0.42388,-0.24691,2.1037
-0.15207,0.03714,0.20292,-0.082365,-0.42149,-0.25036,2.1035
-0.017047,-0.0010329,0.20991,-0.073501,-0.41883,-0.25376,2.1034
0.11751,-0.039224,0.21449,-0.064462,-0.4159,-0.25709,2.1032
0.22186,-0.074894,0.21657,-0.055271,-0.4127,-0.26036,2.103
0.27927,-0.1055,0.21606,-0.045947,-0.40923,-0.26358,2.1028
0.2853,-0.12888,0.21288,-0.036502,-0.40551,-0.26673,2.1027
0.24464,-0.14444,0.20692,-0.026942,-0.40154,-0.26982,2.1025
0.16688,-0.15213,0.19809,-0.017275,-0.39733,-0.27286,2.1023
0.064823,-0.15196,0.1863,-0.0075096,-0.39287,-0.27584,2.1022
-0.046602,-0.14404,0.17154,0.0023368,-0.38818,-0.27875,2.102
-0.15168,-0.12875,0.15411,0.012246,-0.38326,-0.28161,2.1018
-0.23608,-0.10656,0.13438,0.0222,-0.37812,-0.28441,2.1017
-0.2877,-0.077947,0.11274,0.032181,-0.37275,-0.28716,2.1015
-0.29584,-0.043637,0.089541,0.042169,-0.36717,-0.28984,2.1014
-0.25193,-0.005459,0.065169,0.052148,-0.36139,-0.29247,2.1012
-0.15523,0.034288,0.039994,0.062098,-0.3554,-0.29504,2.1011
-0.020024,0.073256,0.01439,0.072001,-0.34921,-0.29756,2.1009
0.12428,0.10909,-0.01127,0.081839,-0.34283,-0.30002,2.1008
0.24138,0.13946,-0.036613,0.091594,-0.33626,-0.30242,2.1007
0.29908,0.16199,-0.061266,0.10125,-0.32951,-0.30477,2.1005
0.28062,0.1748,-0.084854,0.11078,-0.32259,-0.30706,2.1004
0.18964,0.17784,-0.10704,0.12017,-0.31549,-0.3093,2.1003
0.049093,0.17167,-0.12761,0.12941,-0.30823,-0.31148,2.1001
-0.10454,0.1569,-0.14644,0.13848,-0.3008,-0.31361,2.1
-0.23169,0.13417,-0.16342,0.14735,-0.29322,-0.31568,2.0999
-0.29978,0.10414,-0.17845,0.15601,-0.28549,-0.3177,2.0998
-0.29114,0.067555,-0.19141,0.16444,-0.27762,-0.31967,2.0997
-0.20927,0.025796,-0.2022,0.17263,-0.26961,-0.32158,2.0995
-0.077883,-0.018785,-0.21074,0.18059,-0.26146,-0.32344,2.0994
0.06837,-0.06363,-0.21691,0.18829,-0.25318,-0.32525,2.0993
0.19534,-0.10618,-0.22062,0.19574,-0.24478,-0.32701,2.0992
0.27859,-0.14387,-0.22177,0.20293,-0.23626,-0.32871,2.0991
0.30697,-0.17415,-0.22027,0.20986,-0.22763,-0.33036,2.099
0.28076,-0.19498,-0.21602,0.21652,-0.21889,-0.33196,2.0989
0.20934,-0.2064,-0.20899,0.22293,-0.21005,-0.33351,2.0988
0.10612,-0.20882,-0.19925,0.22909,-0.20112,-0.33501,2.0987
-0.012886,-0.20254,-0.18703,0.23501,-0.19209,-0.33645,2.0986
-0.12957,-0.18779,-0.17259,0.24068,-0.18297,-0.33785,2.0985
-0.22803,-0.16482,-0.1562,0.24612,-0.17377,-0.33919,2.0984
-0.29535,-0.13385,-0.13813,0.25133,-0.1645,-0.34049,2.0983
-0.32143,-0.09532,-0.11867,0.2563,-0.15516,-0.34174,2.0982
-0.29761,-0.05061,-0.098078,0.26106,-0.14575,-0.34294,2.0981
-0.21878,-0.0021535,-0.076633,0.2656,-0.13628,-0.34409,2.098
-0.089835,0.047409,-0.05461,0.26992,-0.12676,-0.34519,2.098
0.068052,0.095437,-0.03228,0.27404,-0.11719,-0.34624,2.0979
0.21709,0.13929,-0.009917,0.27795,-0.10757,-0.34724,2.0978
0.31441,0.17632,0.012204,0.28167,-0.097916,-0.3482,2.0977
0.3272,0.20389,0.033811,0.28519,-0.088228,-0.34911,2.0976
0.24854,0.21992,0.05463,0.28852,-0.078513,-0.34997,2.0976
0.10036,0.22456,0.074388,0.29166,-0.068774,-0.35079,2.0975
-0.074376,0.21845,0.092851,0.29463,-0.059019,-0.35156,2.0974
-0.22709,0.20209,0.10995,0.29742,-0.049251,-0.35228,2.0974
-0.31811,0.17594,0.12567,0.30003,-0.039477,-0.35296,2.0973
-0.32766,0.14045,0.13999,0.30249,-0.029701,-0.35359,2.0972
-0.25781,0.096488,0.15289,0.30478,-0.019929,-0.35417,2.0972
-0.13005,0.04673,0.16439,0.30691,-0.010166,-0.35471,2.0971
0.023702,-0.0057023,0.1745,0.30889,-0.00041806,-0.35521,2.097
0.16903,-0.057689,0.18321,0.31072,0.0093103,-0.35566,2.097
0.27779,-0.10611,0.19053,0.31241,0.019014,-0.35607,2.0969
0.33258,-0.14784,0.19647,0.31396,0.028686,-0.35643,2.0969
0.3281,-0.18029,0.20102,0.31538,0.038324,-0.35675,2.0968
0.26968,-0.20299,0.2042,0.31667,0.04792,-0.35703,2.0968
0.16967,-0.21602,0.206,0.31783,0.057469,-0.35726,2.0967
0.044756,-0.21945,0.20645,0.31887,0.066967,-0.35746,2.0967
-0.086815,-0.21344,0.20563,0.3198,0.076408,-0.35761,2.0966
-0.20548,-0.19814,0.20366,0.32061,0.085787,-0.35771,2.0966
-0.29446,-0.17373,0.20065,0.3213,0.095098,-0.35778,2.0965
-0.34372,-0.14039,0.19672,0.32186,0.10434,-0.3578,2.0965
-0.34634,-0.098731,0.19201,0.3223,0.1135,-0.35778,2.0964
-0.29619,-0.051105,0.18664,0.3226,0.12257,-0.35773,2.0964
-0.19149,-0.00041049,0.18073,0.32277,0.13156,-0.35763,2.0964
-0.041637,0.05043,0.1744,0.32281,0.14046,-0.35749,2.0963
0.12689,0.098493,0.16778,0.32269,0.14926,-0.35731,2.0963
0.27198,0.14086,0.161,0.32243,0.15796,-0.35709,2.0963
0.34736,0.1746,0.15417,0.322,0.16657,-0.35684,2.0962
0.3231,0.19732,0.14743,0.32141,0.17508,-0.35654,2.0962
0.20181,0.2087,0.1409,0.32064,0.18349,-0.3562,2.0962
0.020652,0.20895,0.13469,0.31969,0.1918,-0.35583,2.0961
-0.16318,0.19836,0.12886,0.31854,0.20002,-0.35542,2.0961
-0.29472,0.1773,0.12336,0.3172,0.20813,-0.35497,2.0961
-0.34139,0.14617,0.11813,0.31565,0.21615,-0.35448,2.0961
-0.29874,0.10581,0.1131,0.31388,0.22406,-0.35396,2.0961
-0.18702,0.058845,0.10819,0.31188,0.23188,-0.3534,2.096
-0.038802,0.0083152,0.10333,0.30965,0.2396,-0.3528,2.096
0.11125,-0.042721,0.098452,0.30717,0.24723,-0.35217,2.096
0.23515,-0.091212,0.093491,0.30444,0.25475,-0.3515,2.096
0.31363,-0.1341,0.088374,0.30145,0.26218,-0.3508,2.096
0.3371,-0.16862,0.083028,0.29819,0.26952,-0.35006,2.096
0.30623,-0.19337,0.077373,0.29465,0.27676,-0.34928,2.0959
0.22889,-0.20824,0.071329,0.29085,0.28391,-0.34847,2.0959
0.11779,-0.21334,0.064814,0.28679,0.29096,-0.34763,2.0959
-0.0099663,-0.20884,0.057766,0.28246,0.29793,-0.34675,2.0959
-0.13547,-0.19497,0.050207,0.27786,0.3048,-0.34584,2.0959
-0.24021,-0.17197,0.042179,0.27301,0.31158,-0.34489,2.0959
-0.30997,-0.14011,0.033725,0.2679,0.31828,-0.34391,2.0959
-0.33685,-0.099839,0.024886,0.26253,0.32489,-0.3429,2.0959
-0.31639,-0.052667,0.015704,0.25691,0.3314,-0.34186,2.0959
-0.24654,-0.0012652,0.0062207,0.25104,0.33783,-0.34078,2.0959
-0.13006,0.051456,-0.0035211,0.24493,0.34418,-0.33968,2.0959
0.019835,0.10259,-0.01348,0.23857,0.35043,-0.33854,2.0959
0.1746,0.14922,-0.023613,0.23196,0.3566,-0.33737,2.0959
0.2914,0.18844,-0.033879,0.22512,0.36268,-0.33616,2.0959
0.32901,0.21734,-0.044236,0.21804,0.36868,-0.33493,2.0959
0.26719,0.23359,-0.054642,0.21073,0.37458,-0.33367,2.0959
0.11908,0.23724,-0.065059,0.20318,0.38041,-0.33238,2.0959
-0.067574,0.22889,-0.075448,0.19541,0.38614,-0.33106,2.0959
-0.23025,0.20912,-0.085715,0.18741,0.39179,-0.3297,2.0959
-0.31879,0.17846,-0.095751,0.1792,0.39734,-0.32832,2.096
-0.31212,0.13753,-0.10544,0.17076,0.40281,-0.32691,2.096
-0.2224,0.087564,-0.11469,0.16212,0.40819,-0.32547,2.096
-0.083922,0.031653,-0.12336,0.15326,0.41348,-0.32401,2.096
0.063772,-0.02668,-0.13137,0.14419,0.41868,-0.32251,2.096
0.18894,-0.083908,-0.1386,0.13492,0.42379,-0.32099,2.096
0.27316,-0.1365,-0.14493,0.12545,0.42881,-0.31944,2.0961
0.30839,-0.18126,-0.15026,0.11579,0.43373,-0.31787,2.0961
0.29355,-0.2165,-0.15448,0.10593,0.43857,-0.31626,2.0961
0.23466,-0.24186,-0.15747,0.095879,0.44331,-0.31463,2.0961
0.14176,-0.25719,-0.15914,0.085643,0.44795,-0.31298,2.0961
0.028638,-0.26239,-0.15936,0.075223,0.45251,-0.3113,2.0962
-0.088662,-0.25728,-0.15805,0.06462,0.45697,-0.30959,2.0962
-0.19308,-0.24158,-0.15528,0.053841,0.46133,-0.30786,2.0962
-0.26905,-0.21497,-0.15113,0.042893,0.4656,-0.3061,2.0963
-0.30612,-0.17742,-0.14569,0.031782,0.46978,-0.30432,2.0963
-0.29892,-0.13031,-0.13905,0.020524,0.47386,-0.30252,2.0963
-0.24713,-0.076287,-0.13132,0.0091335,0.47784,-0.30069,2.0963
-0.15498,-0.018241,-0.12258,-0.0023747,0.48172,-0.29884,2.0964
-0.031397,0.040942,-0.11293,-0.013985,0.48551,-0.29696,2.0964
0.10608,0.098376,-0.10247,-0.025682,0.4892,-0.29506,2.0965
0.22914,0.15117,-0.091298,-0.037451,0.49279,-0.29314,2.0965
0.30192,0.19645,-0.079508,-0.049277,0.49629,-0.2912,2.0965
0.29471,0.23142,-0.067197,-0.061144,0.49968,-0.28923,2.0966
0.19941,0.25415,-0.05446,-0.073036,0.50297,-0.28724,2.0966
0.038907,0.26435,-0.041394,-0.08494,0.50616,-0.28523,2.0966
-0.13344,0.26214,-0.028094,-0.096839,0.50926,-0.2832,2.0967
-0.25785,0.2476,-0.014647,-0.10872,0.51225,-0.28115,2.0967
-0.29395,0.22085,-0.001156,-0.12056,0.51513,-0.27908,2.0968
-0.23579,0.18253,0.012272,-0.13236,0.51792,-0.27699,2.0968
-0.1112,0.13537,0.02553,-0.14409,0.5206,-0.27488,2.0969
0.035972,0.082609,0.038512,-0.15574,0.52318,-0.27275,2.0969
0.16587,0.027494,0.05111,-0.16729,0.52566,-0.2706,2.097
0.25304,-0.026728,0.063218,-0.17873,0.52803,-0.26843,2.097
0.28835,-0.077042,0.074729,-0.19005,0.5303,-0.26624,2.0971
0.2739,-0.12154,0.085537,-0.20122,0.53246,-0.26403,2.0971
0.21821,-0.15937,0.095533,-0.21224,0.53452,-0.26181,2.0972
0.13222,-0.18985,0.10461,-0.22309,0.53647,-0.25957,2.0972
0.027534,-0.21232,0.11267,-0.23375,0.53831,-0.25731,2.0973
-0.081606,-0.22611,0.11959,-0.2442,0.54005,-0.25503,2.0973
-0.17998,-0.23057,0.12528,-0.25445,0.54168,-0.25273,2.0974
-0.25276,-0.22503,0.12965,-0.26446,0.5432,-0.25042,2.0974
-0.28871,-0.20895,0.13271,-0.27423,0.54461,-0.2481,2.0975
-0.28093,-0.18228,0.13448,-0.28376,0.54591,-0.24576,2.0975
-0.22844,-0.14692,0.13499,-0.29304,0.5471,-0.2434,2.0976
-0.13867,-0.10527,0.13426,-0.30204,0.54819,-0.24102,2.0977
-0.024061,-0.059738,0.13233,-0.31077,0.54916,-0.23864,2.0977
0.098152,-0.012719,0.12922,-0.31922,0.55002,-0.23623,2.0978
0.20713,0.033387,0.12495,-0.32737,0.55077,-0.23382,2.0978
0.27874,0.076182,0.11956,-0.33522,0.55141,-0.23138,2.0979
0.28905,0.11327,0.11307,-0.34275,0.55193,-0.22894,2.098
0.22527,0.14259,0.10551,-0.34996,0.55235,-0.22648,2.098
0.094687,0.16353,0.096894,-0.35684,0.55265,-0.22401,2.0981
-0.068645,0.17579,0.087271,-0.36338,0.55283,-0.22152,2.0982
-0.21228,0.17906,0.076699,-0.36958,0.5529,-0.21903,2.0982
-0.28709,0.173,0.065261,-0.37541,0.55286,-0.21652,2.0983
-0.26771,0.15742,0.053097,-0.38087,0.5527,-0.214,2.0984
-0.16432,0.13323,0.040361,-0.38596,0.55242,-0.21146,2.0984
-0.016188,0.10263,0.027206,-0.39066,0.55203,-0.20892,2.0985
0.12956,0.068088,0.013786,-0.39497,0.55152,-0.20636,2.0986
0.23587,0.032096,0.00025332,-0.39887,0.5509,-0.2038,2.0986
0.28545,-0.0030119,-0.013238,-0.40235,0.55015,-0.20122,2.0987
0.27881,-0.035608,-0.026534,-0.40541,0.54929,-0.19863,2.0988
0.226,-0.064813,-0.039481,-0.40804,0.54831,-0.19603,2.0989
0.14054,-0.0899,-0.051927,-0.41023,0.5472,-0.19342,2.0989
0.03664,-0.11014,-0.063717,-0.41197,0.54598,-0.19081,2.099
-0.071588,-0.12482,-0.074699,-0.41325,0.54463,-0.18818,2.0991
-0.17013,-0.13319,-0.084718,-0.41406,0.54317,-0.18554,2.0992
-0.24558,-0.13455,-0.093621,-0.41439,0.54158,-0.18289,2.0992
-0.28682,-0.12815,-0.10126,-0.41424,0.53988,-0.18023,2.0993
-0.28541,-0.11367,-0.10753,-0.4136,0.53805,-0.17756,2.0994
-0.23642,-0.092432,-0.11241,-0.41245,0.53611,-0.17488,2.0995
-0.14419,-0.066201,-0.11592,-0.4108,0.53405,-0.1722,2.0996
-0.022683,-0.03673,-0.11806,-0.40863,0.53186,-0.1695,2.0996
0.10597,-0.0057701,-0.11884,-0.40596,0.52956,-0.16679,2.0997
0.21582,0.024923,-0.11823,-0.40278,0.52714,-0.16408,2.0998
0.28303,0.053596,-0.11623,-0.39913,0.5246,-0.16135,2.0999
0.28995,0.078495,-0.11284,-0.395,0.52194,-0.15862,2.1
0.22981,0.098084,-0.10804,-0.3904,0.51916,-0.15587,2.1001
0.11029,0.1117,-0.10182,-0.38536,0.51627,-0.15312,2.1001
-0.043279,0.11891,-0.094172,-0.37989,0.51326,-0.15036,2.1002
-0.19035,0.11927,-0.085092,-0.37399,0.51014,-0.14759,2.1003
-0.28558,0.11236,-0.0746,-0.36767,0.5069,-0.14481,2.1004
-0.29632,0.097907,-0.062844,-0.36096,0.50356,-0.14202,2.1005
-0.21713,0.076067,-0.050022,-0.35386,0.5001,-0.13923,2.1006
-0.074227,0.048631,-0.036394,-0.34638,0.49653,-0.13642,2.1007
0.08728,0.017798,-0.022234,-0.33854,0.49286,-0.13361,2.1008
0.22178,-0.014231,-0.0078186,-0.33034,0.48907,-0.13079,2.1008
0.29885,-0.045258,0.0065782,-0.32181,0.48518,-0.12797,2.1009
0.30955,-0.073153,0.020681,-0.31295,0.48119,-0.12514,2.101
0.26104,-0.09628,0.034214,-0.30377,0.47709,-0.1223,2.1011
0.16974,-0.11391,0.046922,-0.29429,0.47288,-0.11945,2.1012
0.053413,-0.1256,0.05863,-0.28452,0.46858,-0.1166,2.1013
-0.07051,-0.13093,0.069192,-0.27447,0.46417,-0.11374,2.1014
-0.18458,-0.12954,0.078512,-0.26415,0.45966,-0.11087,2.1015
-0.27357,-0.12114,0.086561,-0.25357,0.45505,-0.108,2.1016
-0.32501,-0.10544,0.093323,-0.24275,0.45034,-0.10512,2.1017
-0.3303,-0.082429,0.098781,-0.23171,0.44554,-0.10224,2.1018
-0.2846,-0.05332,0.10292,-0.22044,0.44064,-0.099353,2.1019
-0.18935,-0.020037,0.10572,-0.20896,0.43564,-0.096459,2.102
-0.055198,0.01539,0.10717,-0.19729,0.43055,-0.093561,2.102
0.095416,0.05093,0.10725,-0.18544,0.42536,-0.090657,2.1021
0.23175,0.084551,0.10594,-0.17342,0.42009,-0.087749,2.1022
0.32107,0.11422,0.10322,-0.16123,0.41472,-0.084836,2.1023
0.33872,0.13791,0.099085,-0.1489,0.40926,-0.081919,2.1024
0.27652,0.15395,0.093505,-0.13642,0.40371,-0.078998,2.1025
0.14634,0.16207,0.086468,-0.12381,0.39808,-0.076073,2.1026
-0.02049,0.16236,0.07798,-0.11109,0.39236,-0.073145,2.1027
-0.18284,0.15479,0.068152,-0.098261,0.38655,-0.070212,2.1028
-0.2994,0.13925,0.057183,-0.085343,0.38065,-0.067277,2.1029
-0.33872,0.11562,0.045291,-0.072349,0.37467,-0.064338,2.103
-0.28722,0.084175,0.032693,-0.059295,0.36861,-0.061396,2.1031
-0.15878,0.046926,0.019608,-0.046196,0.36247,-0.058452,2.1032
0.0097529,0.0062922,0.0062544,-0.033068,0.35625,-0.055505,2.1033
0.17257,-0.035305,-0.007151,-0.019927,0.34994,-0.052555,2.1034
0.28984,-0.075442,-0.02039,-0.0067881,0.34356,-0.049604,2.1035
0.33923,-0.1117,-0.033244,0.0063327,0.3371,-0.04665,2.1036
0.31837,-0.14199,-0.045495,0.01942,0.33056,-0.043695,2.1037
0.24034,-0.16562,-0.056926,0.032457,0.32394,-0.040737,2.1038
0.12417,-0.18219,-0.067318,0.04543,0.31725,-0.037779,2.1039
-0.0086266,-0.19136,-0.076455,0.058324,0.31049,-0.034819,2.104
-0.13761,-0.19274,-0.084134,0.071137,0.30366,-0.031858,2.1041
-0.24486,-0.18592,-0.090196,0.083869,0.29675,-0.028896,2.1043
-0.31634,-0.1703,-0.09467,0.096518,0.28977,-0.025934,2.1044
-0.34398,-0.14549,-0.097629,0.10909,0.28272,-0.022971,2.1045
-0.32352,-0.11237,-0.099145,0.12157,0.27561,-0.020008,2.1046
-0.25358,-0.072947,-0.099289,0.13397,0.26842,-0.017044,2.1047
-0.13757,-0.029438,-0.098128,0.14627,0.26117,-0.014081,2.1048
0.011299,0.015934,-0.095724,0.15847,0.25386,-0.011118,2.1049
0.16673,0.060946,-0.092136,0.17056,0.24647,-0.0081553,2.105
0.29122,0.10338,-0.087423,0.1825,0.23903,-0.0051933,2.1051
0.34755,0.141,-0.081644,0.1943,0.23152,-0.0022322,2.1052
0.31431,0.17172,-0.074859,0.20594,0.22395,0.00072791,2.1053
0.19626,0.19405,-0.067126,0.2174,0.21633,0.0036868,2.1054
0.02436,0.20728,-0.058506,0.22866,0.20864,0.0066443,2.1055
-0.15417,0.21088,-0.049057,0.23973,0.20089,0.0096002,2.1056
-0.29121,0.20431,-0.038842,0.25057,0.19309,0.012554,2.1057
-0.35095,0.18707,-0.027959,0.26117,0.18523,0.015506,2.1058
-0.31967,0.1592,-0.016568,0.27153,0.17731,0.018456,2.1059
-0.20858,0.12271,-0.0048481,0.28162,0.16934,0.021404,2.1061
-0.047707,0.080121,0.0070243,0.29144,0.16132,0.024349,2.1062
0.12295,0.03392,0.018871,0.30096,0.15324,0.027292,2.1063
0.26368,-0.013386,0.030515,0.31017,0.14512,0.030231,2.1064
0.34576,-0.059297,0.041779,0.31907,0.13694,0.033167,2.1065
0.35761,-0.10153,0.052484,0.32762,0.12871,0.0361,2.1066
0.30425,-0.1387,0.062454,0.33583,0.12044,0.03903,2.1067
0.20126,-0.16983,0.071511,0.34367,0.11212,0.041956,2.1068
0.068896,-0.19396,0.079478,0.35114,0.10375,0.044878,2.1069
-0.071912,-0.21013,0.086176,0.35821,0.09534,0.047796,2.107
-0.20062,-0.2174,0.091429,0.36487,0.086884,0.050709,2.1071
-0.29899,-0.21486,0.095102,0.37111,0.078385,0.053619,2.1072
-0.35439,-0.20178,0.097233,0.37691,0.069844,0.056523,2.1073
-0.36157,-0.17784,0.097904,0.38227,0.061262,0.059423,2.1075
-0.31866,-0.14442,0.097197,0.38715,0.052641,0.062318,2.1076
-0.22696,-0.10375,0.095195,0.39155,0.043983,0.065207,2.1077
-0.093293,-0.058208,0.091971,0.39546,0.03529,0.068092,2.1078
0.066149,-0.010152,0.087591,0.39888,0.026562,0.07097,2.1079
0.22056,0.038053,0.082124,0.40181,0.017804,0.073843,2.108
0.32944,0.084042,0.075635,0.40425,0.0090153,0.07671,2.1081
0.35497,0.12545,0.068193,0.40619,0.00019986,0.079571,2.1082
0.2808,0.16018,0.059863,0.40764,-0.0086405,0.082425,2.1083
0.12279,0.18719,0.050713,0.40859,-0.017503,0.085273,2.1084
-0.072252,0.20572,0.04081,0.40904,-0.026386,0.088114,2.1085
-0.24473,0.21499,0.030232,0.409,-0.035287,0.090948,2.1087
-0.34405,0.21416,0.019101,0.40845,-0.044203,0.093776,2.1088
-0.34679,0.20238,0.0075704,0.4074,-0.053132,0.096596,2.1089
-0.25973,0.17936,-0.0042038,0.40585,-0.062071,0.099408,2.109
-0.11297,0.14705,-0.016065,0.4038,-0.071018,0.10221,2.1091
0.053605,0.10797,-0.027857,0.40124,-0.079969,0.10501,2.1092
0.20202,0.064649,-0.039424,0.39817,-0.088924,0.1078,2.1093
0.3039,0.019597,-0.050608,0.3946,-0.097879,0.11058,2.1094
0.34359,-0.024794,-0.061254,0.39051,-0.10683,0.11335,2.1095
0.31998,-0.066759,-0.071206,0.38592,-0.11578,0.11611,2.1096
0.24187,-0.10506,-0.080306,0.38082,-0.12473,0.11887,2.1097
0.12627,-0.13857,-0.088399,0.3752,-0.13366,0.12162,2.1098
-0.0067166,-0.16615,-0.095327,0.36907,-0.14259,0.12435,2.11
-0.13717,-0.18667,-0.10094,0.36243,-0.1515,0.12708,2.1101
-0.2463,-0.19898,-0.10507,0.35527,-0.16039,0.1298,2.1102
-0.31808,-0.20196,-0.10757,0.3476,-0.16927,0.1325,2.1103
-0.34362,-0.19444,-0.1083,0.3394,-0.17813,0.1352,2.1104
-0.32239,-0.17574,-0.10728,0.3307,-0.18697,0.13789,2.1105
-0.25579,-0.14748,-0.1046,0.32149,-0.19579,0.14057,2.1106
-0.14919,-0.1119,-0.10039,0.31181,-0.20457,0.14323,2.1107
-0.012474,-0.071213,-0.094759,0.30167,-0.21333,0.14589,2.1108
0.13588,-0.027645,-0.087841,0.29111,-0.22206,0.14854,2.1109
0.2655,0.016582,-0.079757,0.28014,-0.23076,0.15117,2.111
0.338,0.059243,-0.070629,0.26878,-0.23942,0.15379,2.1111
0.32135,0.098161,-0.06058,0.25706,-0.24804,0.15641,2.1112
0.20954,0.13145,-0.049734,0.24501,-0.25662,0.159,2.1113
0.03191,0.15777,-0.03822,0.23266,-0.26516,0.16159,2.1115
-0.15542,0.1759,-0.026168,0.22002,-0.27366,0.16417,2.1116
-0.29042,0.1846,-0.013707,0.20714,-0.28211,0.16673,2.1117
-0.33047,0.18266,-0.00097238,0.19405,-0.29051,0.16928,2.1118
-0.26903,0.16945,0.011885,0.18077,-0.29886,0.17182,2.1119
-0.13403,0.14661,0.024725,0.16733,-0.30716,0.17435,2.112
0.029424,0.11636,0.037413,0.15376,-0.3154,0.17686,2.1121
0.17761,0.080909,0.049815,0.14011,-0.32358,0.17936,2.1122
0.28073,0.042472,0.061795,0.12638,-0.33171,0.18185,2.1123
0.32544,0.0031862,0.073219,0.11262,-0.33977,0.18432,2.1124
0.31158,-0.035187,0.083963,0.098838,-0.34777,0.18678,2.1125
0.24738,-0.071268,0.093904,0.08506,-0.3557,0.18923,2.1126
0.14644,-0.10375,0.10292,0.071302,-0.36356,0.19166,2.1127
0.02505,-0.13134,0.11088,0.057583,-0.37135,0.19407,2.1128
-0.098885,-0.15271,0.11767,0.043921,-0.37906,0.19648,2.1129
-0.20717,-0.16658,0.12316,0.030334,-0.3867,0.19886,2.113
-0.2838,-0.17164,0.12723,0.016841,-0.39427,0.20124,2.1131
-0.31838,-0.1666,0.12979,0.0034559,-0.40175,0.20359,2.1132
-0.30719,-0.15083,0.13084,-0.0098079,-0.40915,0.20594,2.1133
-0.25225,-0.12586,0.13044,-0.02294,-0.41646,0.20826,2.1134
-0.16117,-0.093785,0.1287,-0.035932,-0.42369,0.21057,2.1135
-0.045057,-0.056744,0.12574,-0.048774,-0.43083,0.21287,2.1136
0.082181,-0.01686,0.12167,-0.061457,-0.43788,0.21515,2.1137
0.20134,0.023742,0.11661,-0.073971,-0.44483,0.21741,2.1138
0.28492,0.062937,0.11069,-0.086308,-0.45169,0.21966,2.1139
0.3028,0.098597,0.10403,-0.098459,-0.45845,0.22189,2.114
0.24351,0.12879,0.096739,-0.11041,-0.46511,0.2241,2.1141
0.11988,0.15231,0.088952,-0.12216,-0.47166,0.2263,2.1142
-0.042607,0.16814,0.080825,-0.1337,-0.47811,0.22848,2.1143
-0.19989,0.17522,0.072526,-0.14501,-0.48446,0.23064,2.1144
-0.29351,0.17255,0.064195,-0.1561,-0.49069,0.23279,2.1145
-0.28436,0.15946,0.055878,-0.16693,-0.49681,0.23491,2.1146
-0.17925,0.13662,0.047597,-0.17752,-0.50282,0.23702,2.1147
-0.022559,0.10609,0.039372,-0.18785,-0.50871,0.23911,2.1148
0.13204,0.070208,0.031224,-0.19791,-0.51449,0.24118,2.1148
0.24319,0.031297,0.023176,-0.2077,-0.52014,0.24324,2.1149
0.29171,-0.0084007,0.015248,-0.21719,-0.52567,0.24527,2.115
0.27851,-0.047111,0.0074618,-0.22639,-0.53108,0.24729,2.1151
0.21654,-0.083539,-0.00016207,-0.23528,-0.53635,0.24929,2.1152
0.12178,-0.11648,-0.0076021,-0.24386,-0.5415,0.25127,2.1153
0.010203,-0.14475,-0.014837,-0.25212,-0.54652,0.25322,2.1154
-0.10263,-0.16713,-0.021846,-0.26004,-0.5514,0.25516,2.1155
-0.20156,-0.18243,-0.028607,-0.26762,-0.55615,0.25708,2.1156
-0.2726,-0.18944,-0.0351,-0.27485,-0.56075,0.25898,2.1157
-0.30479,-0.18697,-0.041307,-0.28172,-0.56522,0.26086,2.1157
-0.29237,-0.17429,-0.047234,-0.28821,-0.56954,0.26272,2.1158
-0.23516,-0.15267,-0.052896,-0.29433,-0.57372,0.26456,2.1159
-0.14099,-0.12385,-0.058331,-0.30007,-0.57775,0.26638,2.116
-0.023689,-0.089568,-0.063581,-0.3054,-0.58163,0.26817,2.1161
0.099719,-0.051569,-0.068692,-0.31033,-0.58535,0.26995,2.1162
0.2112,-0.011591,-0.073706,-0.31484,-0.58892,0.2717,2.1163
0.29114,0.028625,-0.078667,-0.31893,-0.59234,0.27343,2.1163
0.31879,0.067342,-0.083619,-0.32259,-0.5956,0.27514,2.1164
0.27744,0.10291,-0.088606,-0.3258,-0.59869,0.27683,2.1165
0.1634,0.13407,-0.093671,-0.32856,-0.60163,0.2785,2.1166
-0.0030403,0.15963,-0.098857,-0.33086,-0.60439,0.28014,2.1167
-0.17576,0.17843,-0.10421,-0.33269,-0.60699,0.28177,2.1168
-0.29736,0.18929,-0.10977,-0.33404,-0.60942,0.28336,2.1168
-0.32243,0.19104,-0.11559,-0.3349,-0.61168,0.28494,2.1169
-0.24014,0.18297,-0.1217,-0.33526,-0.61376,0.28649,2.117
-0.081253,0.16615,-0.12801,-0.33511,-0.61566,0.28802,2.1171
0.098882,0.14211,-0.13443,-0.33445,-0.61739,0.28953,2.1171
0.24472,0.11238,-0.14083,-0.33325,-0.61895,0.29101,2.1172
0.32142,0.078456,-0.1471,-0.33152,-0.62033,0.29247,2.1173
0.32133,0.041879,-0.15313,-0.32922,-0.62154,0.29391,2.1174
0.25782,0.0041589,-0.15882,-0.32636,-0.62257,0.29532,2.1174
0.15375,-0.033191,-0.16404,-0.32291,-0.62344,0.29671,2.1175
0.030885,-0.068655,-0.16868,-0.31888,-0.62413,0.29807,2.1176
-0.091914,-0.10072,-0.17261,-0.31427,-0.62466,0.29941,2.1177
-0.19888,-0.12787,-0.17569,-0.30909,-0.62502,0.30073,2.1177
-0.27726,-0.1486,-0.17781,-0.30334,-0.62522,0.30202,2.1178
-0.31728,-0.16138,-0.17881,-0.29704,-0.62525,0.30328,2.1179
-0.31331,-0.16518,-0.17857,-0.2902,-0.62511,0.30453,2.1179
-0.26257,-0.16073,-0.17699,-0.28284,-0.62482,0.30574,2.118
-0.16911,-0.14916,-0.17407,-0.275,-0.62436,0.30694,2.1181
-0.046281,-0.13155,-0.16987,-0.2667,-0.62375,0.3081,2.1181
0.086678,-0.10898,-0.16443,-0.25795,-0.62298,0.30925,2.1182
0.20661,-0.082546,-0.15777,-0.24879,-0.62205,0.31037,2.1183
0.29038,-0.053325,-0.14996,-0.23923,-0.62096,0.31146,2.1183
0.31932,-0.022404,-0.14102,-0.22931,-0.61972,0.31253,2.1184
0.28313,0.0091081,-0.131,-0.21904,-0.61833,0.31357,2.1185
0.18153,0.039931,-0.11994,-0.20845,-0.61679,0.31459,2.1185
0.03009,0.068478,-0.10789,-0.19757,-0.61509,0.31559,2.1186
-0.13727,0.093095,-0.094871,-0.18641,-0.61325,0.31656,2.1186
-0.27333,0.11212,-0.08094,-0.175,-0.61126,0.31751,2.1187
-0.33197,0.12391,-0.066133,-0.16337,-0.60913,0.31844,2.1188
-0.2878,0.12723,-0.050493,-0.15154,-0.60685,0.31934,2.1188
-0.15111,0.12266,-0.03408,-0.13954,-0.60443,0.32021,2.1189
0.033594,0.11129,-0.017038,-0.12738,-0.60186,0.32107,2.1189
0.20849,0.094245,0.00044082,-0.11509,-0.59916,0.3219,2.119
0.32275,0.072674,0.01816,-0.1027,-0.59632,0.3227,2.119
0.35166,0.047718,0.035921,-0.090233,-0.59334,0.32349,2.1191
0.29954,0.020573,0.053529,-0.077708,-0.59023,0.32425,2.1191
0.1891,-0.0073399,0.070784,-0.065151,-0.58698,0.32499,2.1192
0.049493,-0.034546,0.087491,-0.052586,-0.5836,0.3257,2.1192
-0.093646,-0.059571,0.10345,-0.040037,-0.58009,0.3264,2.1193
-0.21986,-0.080938,0.11847,-0.027529,-0.57644,0.32707,2.1193
-0.31371,-0.097174,0.13234,-0.015085,-0.57267,0.32771,2.1194
-0.36475,-0.1068,0.14488,-0.0027299,-0.56877,0.32834,2.1194
-0.36724,-0.10855,0.1559,0.0095128,-0.56475,0.32894,2.1195
-0.31996,-0.10222,0.16532,0.021619,-0.5606,0.32952,2.1195
-0.22599,-0.08897,0.17318,0.033564,-0.55633,0.33008,2.1196
-0.09522,-0.070225,0.17953,0.045325,-0.55194,0.33062,2.1196
0.055054,-0.047422,0.18443,0.056877,-0.54742,0.33113,2.1196
0.19963,-0.021995,0.18795,0.068196,-0.54279,0.33163,2.1197
0.3089,0.0046237,0.19013,0.079258,-0.53804,0.3321,2.1197
0.35687,0.031,0.19105,0.09004,-0.53318,0.33255,2.1198
0.3298,0.055752,0.19075,0.10052,-0.5282,0.33298,2.1198
0.23057,0.077744,0.1893,0.11067,-0.5231,0.33339,2.1198
0.077624,0.096008,0.18674,0.12049,-0.5179,0.33377,2.1199
-0.095031,0.10961,0.18311,0.12995,-0.51258,0.33414,2.1199
-0.24589,0.1176,0.17847,0.13906,-0.50716,0.33448,2.1199
-0.33586,0.11905,0.17286,0.14781,-0.50163,0.33481,2.12
-0.33763,0.11299,0.16633,0.15619,-0.49599,0.33511,2.12
-0.24995,0.098925,0.15896,0.1642,-0.49025,0.3354,2.12
-0.092937,0.078183,0.15082,0.17183,-0.48441,0.33566,2.1201
0.092049,0.052545,0.142,0.17909,-0.47846,0.3359,2.1201
0.24874,0.023794,0.13258,0.18597,-0.47242,0.33612,2.1201
0.33367,-0.0062865,0.12266,0.19248,-0.46627,0.33632,2.1201
0.33239,-0.036036,0.1123,0.19861,-0.46003,0.33651,2.1202
0.25534,-0.064282,0.10161,0.20438,-0.45369,0.33667,2.1202
0.1284,-0.089972,0.090653,0.20977,-0.44726,0.33681,2.1202
-0.016783,-0.11206,0.079529,0.21478,-0.44073,0.33694,2.1202
-0.15403,-0.12948,0.068317,0.21943,-0.43411,0.33704,2.1202
-0.26319,-0.14119,0.057102,0.22371,-0.4274,0.33712,2.1203
-0.33029,-0.14615,0.045971,0.22761,-0.4206,0.33719,2.1203
-0.34927,-0.14328,0.034999,0.23114,-0.41372,0.33723,2.1203
-0.31862,-0.13193,0.024222,0.23431,-0.40675,0.33726,2.1203
-0.24108,-0.11316,0.013643,0.2371,-0.39969,0.33727,2.1203
-0.12455,-0.088463,0.0032583,0.23952,-0.39255,0.33726,2.1203
0.018374,-0.059344,-0.0069359,0.24157,-0.38533,0.33723,2.1203
0.16739,-0.027297,-0.016943,0.24325,-0.37803,0.33718,2.1203
0.29471,0.0061815,-0.026767,0.24455,-0.37065,0.33711,2.1204
0.36813,0.039593,-0.036412,0.24549,-0.36319,0.33703,2.1204
0.36233,0.071466,-0.04588,0.24605,-0.35566,0.33692,2.1204
0.27043,0.10048,-0.055176,0.24624,-0.34805,0.3368,2.1204
0.10894,0.12553,-0.064303,0.24606,-0.34036,0.33666,2.1204
-0.082887,0.14558,-0.073264,0.2455,-0.33261,0.3365,2.1204
-0.2555,0.15957,-0.082064,0.24457,-0.32478,0.33633,2.1204
-0.36406,0.16647,-0.090706,0.24327,-0.31689,0.33613,2.1204
-0.38,0.16521,-0.099187,0.2416,-0.30893,0.33592,2.1204
-0.2989,0.15515,-0.10747,0.23956,-0.3009,0.33569,2.1204
-0.14246,0.13732,-0.1155,0.23714,-0.29282,0.33545,2.1204
0.048697,0.11317,-0.12321,0.23435,-0.28467,0.33518,2.1204
0.22596,0.084178,-0.13054,0.23119,-0.27646,0.3349,2.1204
0.34611,0.051794,-0.13744,0.22766,-0.26819,0.3346,2.1204
0.38391,0.017482,-0.14383,0.22376,-0.25986,0.33429,2.1204
0.33717,-0.017312,-0.14966,0.21949,-0.25149,0.33395,2.1203
0.22324,-0.051209,-0.15486,0.21485,-0.24306,0.3336,2.1203
0.070199,-0.082844,-0.15938,0.20984,-0.23458,0.33324,2.1203
-0.090079,-0.11085,-0.16315,0.20447,-0.22606,0.33285,2.1203
-0.23002,-0.13387,-0.16611,0.19872,-0.21748,0.33246,2.1203
-0.33104,-0.15052,-0.1682,0.19261,-0.20887,0.33204,2.1203
-0.38168,-0.15946,-0.16935,0.18613,-0.20022,0.33161,2.1203
-0.37772,-0.15973,-0.16954,0.1793,-0.19152,0.33116,2.1203
-0.32162,-0.15206,-0.16877,0.17211,-0.18279,0.33069,2.1202
-0.22132,-0.13761,-0.16707,0.16459,-0.17402,0.33021,2.1202
-0.088337,-0.11754,-0.16446,0.15675,-0.16522,0.32972,2.1202
0.0622,-0.093017,-0.16095,0.14858,-0.15639,0.3292,2.1202
0.20926,-0.065199,-0.15656,0.1401,-0.14753,0.32868,2.1202
0.32362,-0.035248,-0.15132,0.13134,-0.13865,0.32813,2.1201
0.37245,-0.0043251,-0.14526,0.1223,-0.12974,0.32757,2.1201
0.33174,0.026379,-0.13841,0.11302,-0.12081,0.327,2.1201
0.20193,0.055555,-0.1308,0.10352,-0.11187,0.32641,2.1201
0.014061,0.081864,-0.12246,0.093823,-0.10292,0.3258,2.12
-0.17852,0.10397,-0.11343,0.083956,-0.09395,0.32518,2.12
-0.31867,0.12053,-0.10374,0.073941,-0.084978,0.32455,2.12
-0.36633,0.13022,-0.093423,0.063805,-0.076002,0.3239,2.1199
-0.31184,0.13207,-0.082508,0.05357,-0.067025,0.32323,2.1199
-0.176,0.1267,-0.071034,0.043262,-0.058051,0.32255,2.1199
0.0018025,0.11516,-0.059074,0.032906,-0.049083,0.32186,2.1198
0.17499,0.098486,-0.046725,0.022525,-0.040125,0.32115,2.1198
0.30378,0.077762,-0.034095,0.012145,-0.031178,0.32042,2.1198
0.36368,0.054054,-0.021287,0.0017887,-0.022247,0.31969,2.1197
0.34748,0.028448,-0.0084063,-0.0085178,-0.013334,0.31893,2.1197
0.26441,0.0021185,0.004441,-0.018751,-0.0044431,0.31817,2.1197
0.13566,-0.023743,0.01715,-0.028885,0.0044231,0.31739,2.1196
-0.012201,-0.047944,0.029616,-0.038897,0.013261,0.31659,2.1196
-0.15386,-0.069291,0.041732,-0.048761,0.022068,0.31579,2.1195
-0.26844,-0.086591,0.053396,-0.058454,0.030841,0.31497,2.1195
-0.33984,-0.098652,0.0645,-0.067951,0.039576,0.31413,2.1194
-0.35978,-0.10429,0.074951,-0.077226,0.04827,0.31328,2.1194
-0.32838,-0.10275,0.084699,-0.086257,0.056921,0.31242,2.1193
-0.25116,-0.094796,0.093697,-0.095018,0.065525,0.31155,2.1193
-0.13924,-0.08156,0.1019,-0.10348,0.074078,0.31066,2.1193
-0.0063718,-0.064183,0.10925,-0.11163,0.082578,0.30976,2.1192
0.13202,-0.043805,0.1157,-0.11944,0.091022,0.30884,2.1192
0.2558,-0.021564,0.12121,-0.12687,0.099406,0.30792,2.1191
0.33784,0.0014002,0.12572,-0.13392,0.10773,0.30698,2.1191
0.349,0.023949,0.1292,-0.14055,0.11599,0.30602,2.119
0.27153,0.044954,0.13158,-0.14674,0.12418,0.30506,2.1189
0.11437,0.06332,0.13284,-0.15249,0.1323,0.30408,2.1189
-0.080685,0.077965,0.13292,-0.15777,0.14035,0.30309,2.1188
-0.25172,0.087804,0.1318,-0.16258,0.14833,0.30209,2.1188
-0.34122,0.091753,0.12945,-0.16692,0.15624,0.30108,2.1187
-0.32114,0.089084,0.12585,-0.17077,0.16408,0.30005,2.1187
-0.20306,0.08049,0.12109,-0.17416,0.17183,0.29901,2.1186
-0.030498,0.06702,0.11524,-0.17707,0.17951,0.29796,2.1185
0.14261,0.049723,0.1084,-0.17951,0.18711,0.2969,2.1185
0.27274,0.029648,0.10065,-0.18149,0.19462,0.29583,2.1184
0.33494,0.0078435,0.092077,-0.18301,0.20206,0.29474,2.1183
0.32571,-0.014646,0.082779,-0.18407,0.2094,0.29365,2.1183
0.25531,-0.036797,0.07284,-0.18468,0.21666,0.29254,2.1182
0.14247,-0.057588,0.062348,-0.18483,0.22384,0.29142,2.1181
0.0095558,-0.076,0.05139,-0.18454,0.23092,0.29029,2.1181
-0.12182,-0.091014,0.040057,-0.1838,0.23791,0.28915,2.118
-0.23166,-0.10161,0.028436,-0.18262,0.24481,0.288,2.1179
-0.30437,-0.10677,0.016615,-0.18101,0.25163,0.28684,2.1179
-0.33175,-0.10547,0.0046923,-0.17898,0.25835,0.28567,2.1178
-0.31246,-0.097114,-0.0072046,-0.17652,0.26499,0.28448,2.1177
-0.24959,-0.082493,-0.018954,-0.17365,0.27154,0.28329,2.1177
-0.15148,-0.06278,-0.030439,-0.17037,0.27801,0.28209,2.1176
-0.031699,-0.03914,-0.041541,-0.16668,0.28439,0.28087,2.1175
0.093922,-0.012738,-0.052144,-0.1626,0.29069,0.27965,2.1174
0.20933,0.015259,-0.06213,-0.15813,0.29691,0.27841,2.1173
0.29578,0.043685,-0.07138,-0.15327,0.30304,0.27717,2.1173
0.33073,0.071374,-0.079769,-0.14803,0.30909,0.27591,2.1172
0.29335,0.097137,-0.08717,-0.14245,0.31507,0.27465,2.1171
0.17732,0.11969,-0.093457,-0.13652,0.32096,0.27338,2.117
0.0035236,0.13772,-0.098503,-0.13026,0.32678,0.27209,2.1169
-0.17844,0.14993,-0.10218,-0.1237,0.33252,0.2708,2.1169
-0.30617,0.15501,-0.10436,-0.11683,0.33818,0.2695,2.1168
-0.33147,0.15167,-0.10494,-0.1097,0.34376,0.26819,2.1167
-0.24347,0.13916,-0.10391,-0.10233,0.34927,0.26687,2.1166
-0.075812,0.11846,-0.10139,-0.094728,0.35471,0.26554,2.1165
0.11204,0.090985,-0.097505,-0.086927,0.36008,0.2642,2.1164
0.26091,0.058152,-0.092381,-0.078946,0.36537,0.26285,2.1163
0.33384,0.02137,-0.086147,-0.070804,0.37059,0.2615,2.1163
0.32401,-0.017896,-0.078931,-0.062523,0.37574,0.26013,2.1162
0.2464,-0.057973,-0.070858,-0.054125,0.38082,0.25876,2.1161
0.12643,-0.097136,-0.062058,-0.045629,0.38583,0.25738,2.116
-0.0092833,-0.13366,-0.052658,-0.037057,0.39078,0.25599,2.1159
-0.13861,-0.16582,-0.042785,-0.02843,0.39565,0.25459,2.1158
-0.24452,-0.1919,-0.032566,-0.019769,0.40047,0.25319,2.1157
-0.31481,-0.21016,-0.022127,-0.011095,0.40521,0.25177,2.1156
-0.34114,-0.21891,-0.011579,-0.0024281,0.40989,0.25035,2.1155
-0.31941,-0.21692,-0.0010295,0.0062099,0.41451,0.24892,2.1154
-0.2514,-0.20488,0.0094142,0.014798,0.41907,0.24748,2.1153
-0.14552,-0.18397,0.019647,0.023316,0.42356,0.24604,2.1152
-0.016744,-0.15536,0.029562,0.031742,0.428,0.24459,2.1151
0.11591,-0.12024,0.039054,0.040056,0.43237,0.24313,2.115
0.23306,-0.079777,0.048017,0.048236,0.43668,0.24166,2.1149
0.3171,-0.035149,0.056345,0.056261,0.44094,0.24019,2.1148
0.35213,0.012468,0.063933,0.064111,0.44514,0.23871,2.1147
0.32406,0.061786,0.070674,0.071765,0.44928,0.23722,2.1146
0.22617,0.11097,0.076462,0.079202,0.45337,0.23572,2.1145
0.066808,0.15767,0.081193,0.0864,0.4574,0.23422,2.1144
-0.12094,0.19946,0.084759,0.093339,0.46138,0.23271,2.1143
-0.28222,0.23388,0.087055,0.099998,0.46531,0.2312,2.1142
-0.35975,0.25848,0.087976,0.10636,0.46918,0.22968,2.1141
-0.32038,0.27135,0.087413,0.11239,0.473,0.22815,2.114
-0.1743,0.27258,0.085274,0.11809,0.47677,0.22662,2.1139
0.027689,0.26268,0.081553,0.12345,0.4805,0.22508,2.1138
0.21719,0.24202,0.076392,0.12845,0.48417,0.22353,2.1136
0.33669,0.21093,0.069966,0.1331,0.4878,0.22198,2.1135
0.36059,0.16994,0.06245,0.13739,0.49138,0.22042,2.1134
0.29657,0.12062,0.054009,0.14133,0.49491,0.21886,2.1133
0.17408,0.065427,0.044809,0.14491,0.4984,0.21729,2.1132
0.027072,0.0070408,0.035017,0.14813,0.50184,0.21572,2.1131
-0.11598,-0.051878,0.024798,0.15101,0.50525,0.21414,2.113
-0.2346,-0.10867,0.014317,0.15355,0.5086,0.21255,2.1128
-0.31594,-0.16066,0.0037403,0.15574,0.51192,0.21096,2.1127
-0.35162,-0.20519,-0.0067662,0.1576,0.5152,0.20937,2.1126
-0.33779,-0.2398,-0.017037,0.15913,0.51844,0.20777,2.1125
-0.27537,-0.26311,-0.026906,0.16032,0.52163,0.20616,2.1124
-0.17084,-0.27523,-0.036209,0.16119,0.52479,0.20455,2.1122
-0.038855,-0.27658,-0.044779,0.16173,0.52792,0.20294,2.1121
0.10104,-0.26755,-0.052476,0.16196,0.531,0.20132,2.112
0.2261,-0.24844,-0.059264,0.16187,0.53405,0.1997,2.1119
0.31417,-0.21949,-0.065133,0.16148,0.53706,0.19807,2.1118
0.34849,-0.18099,-0.070072,0.16078,0.54002,0.19644,2.1116
0.31856,-0.13343,-0.074071,0.15978,0.54295,0.1948,2.1115
0.22383,-0.078578,-0.07712,0.15849,0.54583,0.19316,2.1114
0.074688,-0.01964,-0.079207,0.15691,0.54867,0.19152,2.1113
-0.10299,0.03989,-0.080323,0.15505,0.55147,0.18987,2.1111
-0.26671,0.096514,-0.080457,0.15292,0.55422,0.18822,2.111
-0.36621,0.14674,-0.079598,0.1505,0.55693,0.18656,2.1109
-0.36358,0.18755,-0.077736,0.14782,0.5596,0.1849,2.1107
-0.25033,0.21794,-0.074868,0.14487,0.56223,0.18324,2.1106
-0.055337,0.23738,-0.070994,0.14169,0.56481,0.18158,2.1105
0.1595,0.24534,-0.066117,0.13827,0.56735,0.17991,2.1104
0.3253,0.24131,-0.060257,0.13465,0.56984,0.17823,2.1102
0.39387,0.22485,-0.05351,0.13084,0.5723,0.17656,2.1101
0.35499,0.19611,-0.046002,0.12686,0.5747,0.17488,2.11
0.23083,0.15732,-0.037866,0.12273,0.57707,0.1732,2.1098
0.06122,0.11126,-0.029235,0.11847,0.57939,0.17152,2.1097
-0.11301,0.060723,-0.02024,0.11409,0.58166,0.16983,2.1095
-0.26103,0.0084825,-0.011015,0.10961,0.5839,0.16814,2.1094
-0.36349,-0.04268,-0.001691,0.10506,0.58608,0.16645,2.1093
-0.41158,-0.089983,0.0075989,0.10044,0.58823,0.16476,2.1091
-0.40319,-0.1308,0.016722,0.095788,0.59032,0.16306,2.109
-0.34095,-0.16341,0.025547,0.091111,0.59238,0.16137,2.1089
-0.23179,-0.18745,0.033941,0.086429,0.59439,0.15967,2.1087
-0.088264,-0.20286,0.041772,0.081763,0.59635,0.15796,2.1086
0.071268,-0.20957,0.048907,0.077129,0.59827,0.15626,2.1084
0.22296,-0.20754,0.055239,0.072547,0.60015,0.15456,2.1083
0.34146,-0.19683,0.060762,0.068034,0.60198,0.15285,2.1081
0.40281,-0.17753,0.065498,0.06361,0.60376,0.15114,2.108
0.39042,-0.14977,0.069465,0.059292,0.6055,0.14943,2.1079
0.30113,-0.11424,0.072691,0.055093,0.6072,0.14772,2.1077
0.14891,-0.073058,0.075206,0.051019,0.60884,0.14601,2.1076
-0.037703,-0.028682,0.07704,0.047079,0.61045,0.14429,2.1074
-0.21939,0.016422,0.078229,0.043277,0.61201,0.14258,2.1073
-0.35192,0.059789,0.078807,0.039614,0.61352,0.14086,2.1071
-0.39597,0.098954,0.078813,0.036091,0.61498,0.13914,2.107
-0.33168,0.13182,0.078284,0.032711,0.6164,0.13743,2.1068
-0.17029,0.15779,0.077256,0.029474,0.61778,0.13571,2.1067
0.04462,0.17661,0.075765,0.026383,0.6191,0.13399,2.1065
0.24894,0.18803,0.073849,0.023439,0.62038,0.13227,2.1064
0.38178,0.19183,0.071546,0.020644,0.62162,0.13055,2.1062
0.40823,0.18775,0.068901,0.017999,0.62281,0.12883,2.1061
0.32932,0.17584,0.065948,0.015505,0.62395,0.12711,2.1059
0.17503,0.15728,0.062718,0.013166,0.62504,0.12539,2.1058
-0.011549,0.13354,0.059243,0.010981,0.62609,0.12367,2.1056
-0.18881,0.1061,0.055552,0.0089537,0.62709,0.12195,2.1055
-0.32776,0.076412,0.051676,0.0070847,0.62805,0.12022,2.1053
-0.41199,0.045956,0.047646,0.0053757,0.62895,0.1185,2.1052
-0.43472,0.016199,0.043494,0.0038285,0.62981,0.11678,2.105
-0.39734,-0.011594,0.039249,0.0024448,0.63063,0.11506,2.1048
-0.30592,-0.036976,0.034943,0.0012261,0.63139,0.11334,2.1047
-0.17254,-0.059705,0.030607,0.00017405,0.63211,0.11162,2.1045
-0.012878,-0.07954,0.026271,-0.00070965,0.63278,0.1099,2.1044
0.15429,-0.096238,0.021965,-0.0014234,0.63341,0.10819,2.1042
0.3051,-0.10956,0.017722,-0.0019655,0.63398,0.10647,2.1041
0.41287,-0.11926,0.013571,-0.0023344,0.63451,0.10475,2.1039
0.45323,-0.1251,0.0095431,-0.0025284,0.63499,0.10303,2.1037
0.41211,-0.12694,0.0056698,-0.0025462,0.63542,0.10132,2.1036
