-1.374,-154.09,-4.7606,-7.7059,-180.67,33.759,-2044.6,-66.417,5074.6
-7.0498,-148.65,-2.0146,-10.625,-179.46,32.533,-2044.6,-66.373,5074.6
6.4701,-140.57,0.74591,-13.713,-178.06,31.304,-2044.5,-66.329,5074.5
4.3019,-133.99,3.4707,-16.909,-176.46,30.07,-2044.5,-66.284,5074.5
-4.0738,-123.29,6.1031,-20.147,-174.68,28.834,-2044.4,-66.239,5074.4
3.5961,-105.1,8.5635,-23.337,-172.69,27.595,-2044.3,-66.193,5074.4
-4.4978,-88.922,10.763,-26.387,-170.48,26.355,-2044.3,-66.148,5074.3
6.7695,-86.526,12.614,-29.201,-168.07,25.113,-2044.2,-66.101,5074.3
-9.6467,-84.519,14.015,-31.686,-165.43,23.87,-2044.1,-66.055,5074.3
-6.513,-70.619,14.749,-33.736,-162.56,22.627,-2044.1,-66.008,5074.2
14.228,-49.831,14.429,-35.241,-159.46,21.385,-2044,-65.961,5074.2
14.194,-30.729,12.694,-36.118,-156.13,20.144,-2043.9,-65.913,5074.1
1.0938,-18.165,9.3832,-36.295,-152.56,18.904,-2043.9,-65.865,5074.1
-8.3218,-9.6266,4.5137,-35.704,-148.77,17.667,-2043.8,-65.817,5074
-12.56,-1.1982,-1.4885,-34.274,-144.76,16.432,-2043.7,-65.769,5074
10.188,8.6475,-7.8255,-31.936,-140.53,15.2,-2043.6,-65.72,5073.9
-7.765,12.069,-12.93,-28.624,-136.08,13.973,-2043.6,-65.67,5073.9
6.1302,3.5551,-14.852,-24.323,-131.43,12.75,-2043.5,-65.621,5073.8
1.4208,-6.88,-13.238,-19.124,-126.57,11.531,-2043.4,-65.571,5073.8
-6.3305,-11.641,-8.6536,-13.224,-121.51,10.319,-2043.3,-65.52,5073.7
7.693,-8.3999,-2.0008,-6.843,-116.25,9.1119,-2043.2,-65.469,5073.7
-9.1873,1.6471,5.2674,-0.19891,-110.81,7.912,-2043.1,-65.418,5073.6
10.244,10.683,11.565,6.4894,-105.17,6.7193,-2043.1,-65.367,5073.6
-8.2661,10.551,15.305,13.003,-99.358,5.5345,-2043,-65.315,5073.5
-10.895,4.2205,15.327,19.124,-93.366,4.3581,-2042.9,-65.263,5073.5
0.17598,-2.5323,12.2,24.622,-87.201,3.1906,-2042.8,-65.21,5073.4
11.532,-7.1544,6.9418,29.246,-80.868,2.0326,-2042.7,-65.157,5073.4
-12.599,-8.9481,0.48812,32.828,-74.371,0.88476,-2042.6,-65.104,5073.3
14.163,-9.4768,-6.2472,35.221,-67.714,-0.25243,-2042.5,-65.051,5073.2
9.7104,-5.4345,-12.242,36.279,-60.903,-1.3784,-2042.4,-64.997,5073.2
-16.62,3.1965,-16.071,35.855,-53.94,-2.4925,-2042.3,-64.942,5073.1
16.366,10.42,-16.322,33.799,-46.826,-3.5943,-2042.2,-64.887,5073.1
5.2958,6.7916,-12.186,30.006,-39.562,-4.6832,-2042.1,-64.832,5073
4.1873,-3.4105,-5.1411,24.612,-32.149,-5.7585,-2042,-64.777,5073
-10.262,-12.203,2.7151,17.989,-24.593,-6.8198,-2041.8,-64.721,5072.9
8.1275,-12.931,9.5733,10.534,-16.918,-7.8664,-2041.7,-64.665,5072.9
3.0796,-5.1675,14.667,2.6407,-9.1521,-8.8979,-2041.6,-64.608,5072.8
-6.7947,5.3617,17.426,-5.2977,-1.3246,-9.9135,-2041.5,-64.551,5072.7
8.2921,11.64,17.285,-12.909,6.5363,-10.913,-2041.4,-64.494,5072.7
-11.151,14.692,13.791,-19.906,14.402,-11.895,-2041.2,-64.436,5072.6
17.938,13.583,6.9958,-26.021,22.246,-12.86,-2041.1,-64.378,5072.6
18.247,7.0156,-1.5382,-30.99,30.041,-13.807,-2041,-64.319,5072.5
7.9431,-3.4216,-9.8788,-34.547,37.759,-14.735,-2040.8,-64.26,5072.4
-22.565,-11.827,-16.094,-36.425,45.375,-15.644,-2040.7,-64.201,5072.4
-0.12131,-13.456,-18.345,-36.359,52.86,-16.533,-2040.5,-64.141,5072.3
21.127,-11.412,-15.691,-34.18,60.187,-17.402,-2040.4,-64.081,5072.3
18.189,-7.3595,-9.3529,-30.153,67.325,-18.251,-2040.2,-64.021,5072.2
-14.76,0.87402,-1.0662,-24.648,74.241,-19.077,-2040.1,-63.96,5072.1
10.907,10.301,7.4317,-18.036,80.905,-19.882,-2039.9,-63.899,5072.1
-7.4344,9.3983,14.42,-10.689,87.285,-20.664,-2039.8,-63.837,5072
4.8106,-4.1075,18.139,-2.9778,93.349,-21.423,-2039.6,-63.775,5072
-3.296,-8.2749,16.416,4.7577,99.067,-22.158,-2039.4,-63.713,5071.9
3.1665,4.335,8.0858,12.275,104.41,-22.868,-2039.3,-63.65,5071.8
-4.7021,7.8373,-3.1212,19.259,109.34,-23.554,-2039.1,-63.586,5071.8
7.778,-4.1468,-12.564,25.368,113.82,-24.215,-2038.9,-63.523,5071.7
-4.1783,-8.1892,-17.077,30.315,117.84,-24.849,-2038.7,-63.459,5071.6
-15.23,-1.3978,-14.998,34.006,121.35,-25.457,-2038.5,-63.394,5071.6
17.593,8.9799,-8.433,36.304,124.32,-26.038,-2038.3,-63.329,5071.5
4.3283,9.0456,-0.25166,37.051,126.73,-26.591,-2038.1,-63.264,5071.4
-11.715,1.5104,7.4157,36.088,128.54,-27.116,-2037.9,-63.199,5071.4
-17.023,-6.376,12.956,33.252,129.72,-27.612,-2037.7,-63.132,5071.3
-16.37,-8.6083,15.309,28.388,130.28,-28.078,-2037.5,-63.066,5071.2
15.14,-4.2522,14.658,21.58,130.23,-28.516,-2037.3,-62.999,5071.2
14.647,2.8548,11.033,13.303,129.58,-28.924,-2037.1,-62.932,5071.1
-17.408,6.5263,4.5142,4.1214,128.34,-29.303,-2036.9,-62.864,5071
20.901,0.37809,-3.7746,-5.4033,126.52,-29.654,-2036.7,-62.796,5071
12.07,-5.0909,-11.124,-14.708,124.15,-29.976,-2036.4,-62.727,5070.9
-29.629,-4.4265,-14.446,-23.229,121.23,-30.27,-2036.2,-62.658,5070.8
-3.7694,2.5132,-11.365,-30.382,117.76,-30.536,-2035.9,-62.589,5070.8
33.084,5.3779,-2.8704,-35.524,113.78,-30.775,-2035.7,-62.519,5070.7
-6.6106,-2.9849,8.0152,-38.111,109.28,-30.986,-2035.4,-62.449,5070.6
-26.703,-8.5567,15.221,-37.656,104.28,-31.171,-2035.2,-62.378,5070.6
20.788,1.4306,13.771,-33.894,98.807,-31.329,-2034.9,-62.307,5070.5
3.6983,14.218,5.9926,-27.407,92.895,-31.461,-2034.7,-62.235,5070.4
-10.811,12.678,-4.1192,-18.996,86.59,-31.568,-2034.4,-62.163,5070.3
10.111,-9.3309,-13.219,-9.4667,79.941,-31.648,-2034.1,-62.091,5070.3
-2.4559,-24.987,-18.124,0.37709,72.996,-31.704,-2033.8,-62.018,5070.2
-17.214,-23.15,-16.56,9.8147,65.807,-31.734,-2033.5,-61.945,5070.1
21.813,-2.3767,-9.8838,18.464,58.421,-31.74,-2033.2,-61.871,5070
11.896,18.65,-0.36487,26.029,50.888,-31.721,-2032.9,-61.797,5070
6.6762,33.461,9.7294,32.217,43.255,-31.679,-2032.6,-61.722,5069.9
-27.719,39.408,18.131,36.75,35.549,-31.612,-2032.3,-61.647,5069.8
-16.523,32.093,23.067,39.356,27.796,-31.521,-2032,-61.571,5069.7
17.561,12.615,24.746,39.817,20.019,-31.407,-2031.7,-61.495,5069.7
18.862,-14.413,23.873,38.179,12.238,-31.268,-2031.3,-61.419,5069.6
-13.854,-36.036,20.988,34.709,4.4734,-31.106,-2031,-61.342,5069.5
9.076,-40.957,16.591,29.716,-3.2527,-30.921,-2030.7,-61.265,5069.4
5.5312,-30.119,11.122,23.51,-10.918,-30.712,-2030.3,-61.187,5069.4
-4.0122,-11.698,4.7925,16.401,-18.501,-30.479,-2030,-61.109,5069.3
-1.0816,5.9075,-2.2462,8.6984,-25.979,-30.223,-2029.6,-61.03,5069.2
7.5729,19.725,-9.8415,0.71134,-33.331,-29.945,-2029.2,-60.951,5069.1
-12.023,30.562,-17.827,-7.2503,-40.534,-29.642,-2028.9,-60.871,5069
3.8958,27.652,-25.694,-14.877,-47.567,-29.317,-2028.5,-60.791,5069
20.961,10.04,-31.772,-21.859,-54.407,-28.969,-2028.1,-60.711,5068.9
-0.1287,-14.992,-34.099,-27.887,-61.032,-28.598,-2027.7,-60.63,5068.8
-21.781,-21.248,-30.644,-32.725,-67.421,-28.205,-2027.4,-60.548,5068.7
17.922,5.6861,-19.83,-36.434,-73.551,-27.789,-2027,-60.466,5068.6
-12.822,19.211,-3.0301,-39.129,-79.401,-27.35,-2026.6,-60.384,5068.6
9.1026,-4.7738,16.549,-40.921,-84.948,-26.889,-2026.2,-60.301,5068.5
3.9549,-19.874,31.393,-41.923,-90.17,-26.405,-2025.8,-60.218,5068.4
-9.409,-7.4834,34.829,-42.273,-95.046,-25.899,-2025.4,-60.134,5068.3
11.965,15.118,27.775,-42.164,-99.555,-25.371,-2024.9,-60.05,5068.2
-14.04,24.804,13.034,-41.571,-103.68,-24.821,-2024.5,-59.965,5068.1
14.251,6.6208,-5.5067,-40.404,-107.43,-24.249,-2024.1,-59.88,5068.1
-12.852,-28.65,-22.485,-38.569,-110.79,-23.655,-2023.7,-59.794,5068
11.455,-31.359,-32.221,-35.971,-113.76,-23.039,-2023.3,-59.708,5067.9
-11.509,6.31,-30.729,-32.539,-116.36,-22.402,-2022.8,-59.621,5067.8
13.138,35.288,-20.799,-28.34,-118.6,-21.742,-2022.4,-59.534,5067.7
-15.342,31.937,-6.7565,-23.48,-120.48,-21.062,-2022,-59.446,5067.6
17.135,7.285,7.8132,-18.061,-122.04,-20.36,-2021.5,-59.358,5067.5
-18.328,-23.839,19.908,-12.187,-123.28,-19.636,-2021.1,-59.269,5067.4
19.312,-41.344,26.633,-5.9638,-124.21,-18.892,-2020.6,-59.18,5067.4
-17.828,-35.032,25.979,0.48763,-124.85,-18.126,-2020.2,-59.09,5067.3
-21.566,-14.439,19.488,6.9744,-125.22,-17.339,-2019.7,-59,5067.2
-8.4475,11.347,9.567,13.305,-125.33,-16.53,-2019.3,-58.91,5067.1
-5.4068,34.368,-1.3859,19.301,-125.19,-15.7,-2018.8,-58.819,5067
19.199,46.617,-10.975,24.783,-124.82,-14.851,-2018.4,-58.727,5066.9
25.357,40.704,-17.266,29.597,-124.22,-13.982,-2017.9,-58.635,5066.8
-25.461,16.833,-20.168,33.676,-123.42,-13.095,-2017.4,-58.543,5066.7
25.174,-6.2595,-20.061,36.993,-122.43,-12.191,-2017,-58.45,5066.6
-24.65,-20.505,-17.379,39.569,-121.25,-11.272,-2016.5,-58.356,5066.5
-0.042442,-36.648,-12.575,41.446,-119.91,-10.339,-2016,-58.262,5066.4
22.567,-48.604,-6.1047,42.668,-118.41,-9.3919,-2015.6,-58.168,5066.3
-20.55,-42.505,1.4027,43.279,-116.78,-8.433,-2015.1,-58.073,5066.2
17.796,-5.7539,8.6204,43.324,-115.01,-7.4632,-2014.6,-57.977,5066.2
-14.613,34.549,14.048,42.847,-113.13,-6.4836,-2014.2,-57.882,5066.1
-5.1293,45.289,16.183,41.89,-111.15,-5.4954,-2013.7,-57.785,5066
8.5616,31.65,14.028,40.467,-109.06,-4.4997,-2013.2,-57.688,5065.9
-6.356,11.524,8.5924,38.495,-106.88,-3.4978,-2012.7,-57.591,5065.8
5.074,0.59836,1.3867,35.872,-104.61,-2.4907,-2012.2,-57.493,5065.7
-4.9697,-11.813,-6.0774,32.494,-102.23,-1.4796,-2011.8,-57.395,5065.6
6.2538,-30.905,-12.289,28.259,-99.764,-0.46574,-2011.3,-57.297,5065.5
-9.0362,-32.835,-15.736,23.064,-97.2,0.54979,-2010.8,-57.197,5065.4
13.29,-11.25,-15.325,16.866,-94.544,1.5658,-2010.3,-57.098,5065.3
-23.405,12.992,-11.644,9.8694,-91.796,2.5812,-2009.8,-56.998,5065.2
-25.051,24.971,-5.7328,2.3786,-88.957,3.5947,-2009.3,-56.897,5065.1
6.7936,21.89,1.3242,-5.2944,-86.031,4.6053,-2008.9,-56.796,5065
37.862,10.189,8.2834,-12.837,-83.017,5.6117,-2008.4,-56.695,5064.9
7.0805,-2.5533,13.722,-19.937,-79.917,6.6129,-2007.9,-56.593,5064.8
-19.368,-12.021,16.179,-26.282,-76.733,7.6075,-2007.4,-56.49,5064.7
-41.307,-14.722,14.221,-31.584,-73.466,8.5946,-2006.9,-56.387,5064.6
-50.361,-8.2273,7.2894,-35.653,-70.119,9.5728,-2006.4,-56.284,5064.5
-16.703,4.2328,-2.0349,-38.317,-66.703,10.541,-2005.9,-56.18,5064.4
44.169,12.728,-10.393,-39.401,-63.229,11.498,-2005.5,-56.076,5064.3
34.56,9.1122,-15.022,-38.746,-59.709,12.443,-2005,-55.971,5064.2
32.384,-1.9799,-15.544,-36.255,-56.146,13.375,-2004.5,-55.866,5064.1
11.032,-12.634,-12.199,-31.919,-52.53,14.292,-2004,-55.761,5063.9
-15.324,-14.297,-5.5546,-26.044,-48.854,15.193,-2003.5,-55.654,5063.8
9.2408,-0.98702,2.5567,-19.013,-45.107,16.077,-2003.1,-55.548,5063.7
-5.2734,15.435,9.6831,-11.212,-41.279,16.944,-2002.6,-55.441,5063.6
3.596,15.207,13.558,-3.0236,-37.361,17.791,-2002.1,-55.334,5063.5
-3.5494,4.423,13.375,5.1563,-33.342,18.617,-2001.6,-55.226,5063.4
3.7909,-5.4536,10.168,12.878,-29.213,19.423,-2001.1,-55.118,5063.3
5.4351,-12.387,5.3582,19.69,-24.963,20.205,-2000.7,-55.009,5063.2
4.8851,-16.245,0.17103,25.334,-20.584,20.964,-2000.2,-54.9,5063.1
-7.4801,-14.924,-4.3176,29.602,-16.065,21.697,-1999.7,-54.79,5063
-6.6832,-7.1417,-7.4763,32.285,-11.397,22.405,-1999.3,-54.68,5062.9
8.6795,3.5643,-8.953,33.178,-6.5707,23.085,-1998.8,-54.57,5062.8
7.8643,13.06,-8.4789,32.119,-1.5844,23.736,-1998.3,-54.459,5062.7
-0.35982,15.149,-5.9579,29.125,3.5566,24.358,-1997.9,-54.348,5062.5
-8.1609,8.1599,-1.7125,24.378,8.8457,24.949,-1997.4,-54.236,5062.4
7.1486,-5.4822,2.7161,18.242,14.276,25.508,-1996.9,-54.124,5062.3
-5.8424,-14.965,5.5145,11.1,19.839,26.034,-1996.5,-54.011,5062.2
4.7666,-7.954,5.4171,3.3479,25.511,26.526,-1996,-53.899,5062.1
-4.5658,8.1441,3.2391,-4.5077,31.27,26.982,-1995.6,-53.785,5062
-4.2244,15.41,0.31434,-11.93,37.089,27.402,-1995.1,-53.671,5061.9
7.6071,9.8567,-2.1456,-18.388,42.95,27.784,-1994.7,-53.557,5061.8
-10.546,-4.9045,-3.4234,-23.36,48.846,28.126,-1994.2,-53.442,5061.6
13.97,-15.377,-2.956,-26.297,54.777,28.428,-1993.8,-53.327,5061.5
12.088,-13.939,-0.62357,-26.747,60.738,28.688,-1993.4,-53.212,5061.4
-20.326,1.4147,2.1426,-24.852,66.692,28.905,-1992.9,-53.096,5061.3
22.348,13.438,3.5272,-20.874,72.564,29.078,-1992.5,-52.98,5061.2
13.718,11.908,2.2809,-15.123,78.27,29.206,-1992.1,-52.863,5061.1
-18.203,1.398,-0.60236,-8.1741,83.724,29.287,-1991.6,-52.746,5061
-18.295,-7.9823,-3.6092,-0.7639,88.842,29.32,-1991.2,-52.629,5060.8
-19.216,-8.1138,-5.1016,6.455,93.54,29.303,-1990.8,-52.511,5060.7
2.8421,-0.87176,-3.8606,12.885,97.734,29.237,-1990.4,-52.392,5060.6
12.038,5.6356,-0.48943,18.026,101.34,29.118,-1989.9,-52.274,5060.5
-3.0797,4.6034,3.8293,21.401,104.27,28.945,-1989.5,-52.155,5060.4
-4.8853,-1.4234,7.2973,22.535,106.44,28.718,-1989.1,-52.035,5060.3
3.2466,-5.0232,7.6063,21.045,107.78,28.433,-1988.7,-51.915,5060.1
-3.8564,2.8125,3.6753,17.042,108.25,28.089,-1988.3,-51.795,5060
6.6887,7.9947,-1.8165,11.19,107.86,27.686,-1987.9,-51.674,5059.9
6.4223,1.7818,-6.2975,4.2688,106.6,27.225,-1987.4,-51.553,5059.8
-12.776,-10.094,-8.8585,-2.9427,104.5,26.709,-1987,-51.432,5059.7
-20.176,-16.801,-8.9621,-9.6649,101.56,26.138,-1986.6,-51.31,5059.5
23.132,-10.334,-6.3262,-15.194,97.778,25.516,-1986.2,-51.188,5059.4
-7.3662,4.042,-1.769,-19.143,93.172,24.843,-1985.8,-51.065,5059.3
-21.943,18.655,3.3163,-21.244,87.748,24.123,-1985.4,-50.942,5059.2
-22.229,27.882,7.4613,-21.245,81.511,23.357,-1984.9,-50.819,5059.1
-8.3849,32.561,9.1991,-18.913,74.487,22.547,-1984.5,-50.695,5058.9
11.575,31.956,7.4558,-14.16,66.769,21.695,-1984.1,-50.571,5058.8
13.027,23.741,2.8888,-7.3652,58.485,20.803,-1983.6,-50.446,5058.7
12.225,7.762,-2.8191,0.48345,49.77,19.874,-1983.2,-50.322,5058.6
-8.1251,-12.464,-7.8271,8.2661,40.758,18.908,-1982.7,-50.196,5058.4
1.9538,-30.194,-10.293,14.862,31.581,17.909,-1982.3,-50.071,5058.3
7.7225,-34.764,-8.6208,19.401,22.37,16.878,-1981.8,-49.945,5058.2
-10.512,-20.589,-2.7407,22.011,13.231,15.816,-1981.4,-49.818,5058.1
-11.767,1.5452,4.9679,23.077,4.2605,14.728,-1980.9,-49.692,5057.9
9.9481,19.643,11.575,23.016,-4.4792,13.613,-1980.4,-49.564,5057.8
16.591,23.215,14.174,22.279,-12.959,12.474,-1979.9,-49.437,5057.7
14.392,7.4192,10.795,21.261,-21.157,11.314,-1979.4,-49.309,5057.6
-17.311,-10.56,2.8994,20.152,-29.051,10.133,-1978.9,-49.181,5057.4
15.337,-12.461,-7.1959,19.088,-36.619,8.9354,-1978.4,-49.052,5057.3
-4.7408,-0.62136,-16.668,18.204,-43.839,7.7214,-1977.8,-48.923,5057.2
-9.6497,7.6867,-20.722,17.637,-50.69,6.4936,-1977.3,-48.794,5057
3.4264,1.5446,-15.877,17.426,-57.148,5.254,-1976.8,-48.665,5056.9
9.0175,-6.1674,-5.0018,17.234,-63.192,4.0046,-1976.2,-48.535,5056.8
-12.329,-1.6779,7.9511,16.711,-68.8,2.7474,-1975.6,-48.404,5056.7
17.427,6.5101,19.85,15.527,-73.951,1.4843,-1975,-48.274,5056.5
-22.672,8.2982,27.745,13.351,-78.621,0.21743,-1974.5,-48.143,5056.4
1.7315,8.3249,29.179,9.8444,-82.789,-1.0513,-1973.8,-48.011,5056.3
29.807,7.0427,24.003,4.7861,-86.434,-2.3198,-1973.2,-47.879,5056.1
-19.836,2.004,13.978,-1.4204,-89.532,-3.5861,-1972.6,-47.747,5056
-31.575,-5.2762,1.2213,-8.2139,-92.062,-4.8482,-1971.9,-47.615,5055.9
7.0512,-11.892,-12.15,-15.033,-94.002,-6.1041,-1971.3,-47.482,5055.8
29.438,-14.843,-24.018,-21.318,-95.33,-7.3517,-1970.6,-47.349,5055.6
23.718,-14.769,-32.319,-26.507,-96.024,-8.5892,-1969.9,-47.216,5055.5
-8.0792,-12.819,-35.471,-30.038,-96.061,-9.8145,-1969.2,-47.082,5055.4
-23.052,-8.6124,-33.295,-31.47,-95.427,-11.026,-1968.5,-46.948,5055.2
-22.382,-1.0165,-26.822,-30.859,-94.139,-12.221,-1967.7,-46.814,5055.1
18.554,7.5097,-17.209,-28.469,-92.251,-13.398,-1966.9,-46.679,5055
-4.375,13.485,-5.5797,-24.585,-89.825,-14.556,-1966.2,-46.544,5054.8
-14.497,13.29,6.9503,-19.493,-86.922,-15.694,-1965.4,-46.409,5054.7
12.589,5.2315,19.187,-13.477,-83.605,-16.811,-1964.5,-46.273,5054.6
12.138,-4.6294,29.363,-6.8235,-79.936,-17.905,-1963.7,-46.137,5054.4
-8.8839,-9.2978,35.309,0.18195,-75.975,-18.975,-1962.9,-46.001,5054.3
-0.71681,-4.8334,35.572,7.2541,-71.784,-20.019,-1962,-45.864,5054.1
5.6299,3.1452,30.428,14.085,-67.426,-21.038,-1961.1,-45.727,5054
-1.4972,7.6028,20.715,20.285,-62.962,-22.029,-1960.2,-45.59,5053.9
-4.0708,5.3863,7.7808,25.483,-58.453,-22.992,-1959.2,-45.453,5053.7
4.5752,-3.235,-6.1583,29.366,-53.961,-23.925,-1958.3,-45.315,5053.6
-6.2427,-9.6445,-18.686,31.636,-49.548,-24.826,-1957.3,-45.177,5053.5
8.9727,-5.1734,-27.567,31.989,-45.274,-25.696,-1956.3,-45.039,5053.3
-14.307,8.2181,-31.315,30.101,-41.173,-26.532,-1955.2,-44.9,5053.2
-15.492,16.002,-28.843,25.746,-37.221,-27.333,-1954.2,-44.761,5053.1
18,11.409,-20.167,19.365,-33.387,-28.097,-1953.1,-44.622,5052.9
17.901,-6.1387,-7.3993,11.635,-29.641,-28.825,-1952,-44.482,5052.8
5.2152,-24.42,6.1718,3.2588,-25.955,-29.513,-1950.9,-44.343,5052.6
-18.87,-28.125,17.3,-5.0659,-22.298,-30.162,-1949.7,-44.203,5052.5
-2.4109,-8.608,23.946,-12.639,-18.643,-30.769,-1948.6,-44.062,5052.4
13.794,19.353,25.579,-18.825,-14.961,-31.334,-1947.4,-43.922,5052.2
-9.9533,36.254,22.283,-23.297,-11.221,-31.855,-1946.1,-43.781,5052.1
6.0134,32.01,14.688,-25.997,-7.3932,-32.331,-1944.9,-43.64,5051.9
-3.2905,18.173,4.5803,-26.927,-3.4412,-32.76,-1943.6,-43.498,5051.8
3.2273,7.929,-5.9786,-26.08,0.6641,-33.142,-1942.3,-43.357,5051.7
-6.3271,-3.9272,-14.926,-23.408,4.912,-33.475,-1941,-43.215,5051.5
11.454,-30.684,-20.153,-18.898,9.2794,-33.757,-1939.6,-43.072,5051.4
-16.445,-40.74,-19.51,-12.803,13.743,-33.988,-1938.2,-42.93,5051.2
-9.7006,-8.3026,-12.323,-5.7424,18.278,-34.167,-1936.8,-42.787,5051.1
20.305,30.703,-1.8149,1.5867,22.861,-34.291,-1935.4,-42.644,5050.9
-18.361,35.103,7.8535,8.4854,27.468,-34.36,-1933.9,-42.501,5050.8
-6.8991,7.4579,13.261,14.255,32.076,-34.372,-1932.4,-42.358,5050.7
9.8248,-22.907,13.951,18.198,36.66,-34.327,-1930.9,-42.214,5050.5
1.2162,-25.419,10.257,19.811,41.197,-34.222,-1929.3,-42.07,5050.4
-2.3809,-6.5332,3.1704,19.39,45.662,-34.057,-1927.7,-41.926,5050.2
-1.6947,12.081,-4.4689,17.473,50.021,-33.831,-1926.1,-41.782,5050.1
0.50378,15.358,-9.3742,14.614,54.24,-33.543,-1924.5,-41.637,5049.9
-1.0894,5.8554,-9.244,11.372,58.281,-33.192,-1922.8,-41.492,5049.8
-3.0243,-5.3741,-5.6313,8.2415,62.11,-32.776,-1921.1,-41.347,5049.6
-0.84092,-8.4967,-0.86464,5.3625,65.69,-32.295,-1919.3,-41.202,5049.5
6.217,-3.6711,2.6648,2.7826,68.985,-31.748,-1917.5,-41.057,5049.4
-7.1963,3.6932,4.2486,0.54986,71.959,-31.133,-1915.7,-40.911,5049.2
-3.6835,5.8739,3.7395,-1.3189,74.576,-30.449,-1913.9,-40.765,5049.1
8.5628,3.0296,1.5907,-2.9483,76.8,-29.696,-1912,-40.619,5048.9
-9.7991,-2.3622,-0.87818,-4.5597,78.595,-28.872,-1910,-40.473,5048.8
12.02,-5.9295,-2.156,-6.3908,79.924,-27.975,-1908.1,-40.326,5048.6
13.971,-5.8365,-1.2369,-8.5596,80.752,-27.004,-1906.1,-40.18,5048.5
5.0633,-0.94667,0.84947,-10.639,81.042,-25.957,-1904,-40.033,5048.3
-15.594,4.9663,2.5087,-11.813,80.76,-24.835,-1902,-39.886,5048.2
-20.262,6.805,2.3179,-11.397,79.878,-23.636,-1899.9,-39.738,5048
20.886,1.1423,-0.042587,-9.5061,78.417,-22.365,-1897.7,-39.591,5047.9
-20.192,-6.988,-3.2743,-6.5559,76.455,-21.023,-1895.5,-39.443,5047.7
18.093,-7.1389,-5.8376,-2.971,74.082,-19.616,-1893.3,-39.296,5047.6
4.7328,-0.84416,-6.7553,0.87903,71.391,-18.147,-1891.1,-39.148,5047.4
-11.267,5.9817,-5.5602,4.6078,68.47,-16.621,-1888.8,-38.999,5047.3
7.8825,7.8279,-1.9378,7.8751,65.41,-15.04,-1886.4,-38.851,5047.1
1.5992,2.989,3.94,10.355,62.303,-13.409,-1884.1,-38.703,5047
-4.5439,-4.8576,10.031,11.724,59.235,-11.733,-1881.6,-38.554,5046.8
5.5337,-9.5697,13.892,11.683,56.272,-10.014,-1879.2,-38.405,5046.7
1.2581,-3.0659,13.643,10.107,53.403,-8.2564,-1876.7,-38.256,5046.5
-11.848,8.7613,9.5853,7.2783,50.617,-6.4649,-1874.2,-38.107,5046.4
15.567,11.943,2.5696,3.5792,47.905,-4.6429,-1871.6,-37.958,5046.2
-11.74,1.3787,-6.359,-0.60961,45.258,-2.7945,-1869,-37.808,5046.1
-20.763,-11.118,-15.39,-4.907,42.668,-0.92346,-1866.3,-37.659,5045.9
21.58,-14.009,-22.523,-8.9318,40.124,0.9662,-1863.7,-37.509,5045.8
-21.225,-11.928,-26.126,-12.303,37.619,2.8706,-1860.9,-37.359,5045.6
-8.6616,-10.955,-26.136,-14.639,35.143,4.7858,-1858.2,-37.209,5045.5
18.258,-9.4907,-23.176,-15.655,32.691,6.7078,-1855.3,-37.059,5045.3
3.7052,-4.852,-17.894,-15.445,30.264,8.6328,-1852.5,-36.909,5045.2
-3.9662,1.7273,-10.921,-14.181,27.852,10.557,-1849.6,-36.758,5045
-11.787,9.2186,-2.8912,-12.035,25.438,12.476,-1846.6,-36.608,5044.9
9.7372,16.02,5.5635,-9.1744,23.009,14.386,-1843.7,-36.457,5044.7
-7.9574,17.844,13.81,-5.7702,20.549,16.284,-1840.6,-36.306,5044.6
-7.7399,13.719,21.221,-1.9917,18.043,18.165,-1837.6,-36.155,5044.4
-0.19875,6.0262,27.269,1.9915,15.476,20.025,-1834.5,-36.004,5044.2
5.8038,-2.3749,31.806,6.0096,12.833,21.861,-1831.3,-35.852,5044.1
-6.6809,-9.6103,34.826,9.893,10.099,23.668,-1828.1,-35.701,5043.9
-4.0567,-16.694,36.334,13.472,7.2593,25.444,-1824.9,-35.549,5043.8
10.526,-22.638,36.329,16.591,4.298,27.182,-1821.6,-35.397,5043.6
1.2722,-26.175,34.756,19.167,1.2004,28.881,-1818.3,-35.245,5043.5
-9.1885,-27.735,31.468,21.221,-2.0483,30.535,-1814.9,-35.093,5043.3
-15.244,-28.171,26.307,22.778,-5.4635,32.142,-1811.5,-34.941,5043.2
14.526,-28.166,19.075,23.907,-9.0599,33.696,-1808,-34.789,5043
-12.124,-25.655,9.6344,24.687,-12.852,35.195,-1804.5,-34.636,5042.8
8.5844,-14.195,-1.6298,25.193,-16.851,36.634,-1800.9,-34.484,5042.7
-5.3002,0.59364,-13.295,25.492,-21.06,38.009,-1797.3,-34.331,5042.5
3.8466,18.227,-23.581,25.629,-25.459,39.316,-1793.7,-34.178,5042.4
-4.903,37.743,-30.681,25.612,-29.991,40.552,-1790,-34.025,5042.2
7.6702,38.581,-33.212,25.42,-34.573,41.712,-1786.3,-33.872,5042.1
-10.393,26.69,-31.524,25.022,-39.118,42.793,-1782.5,-33.719,5041.9
11.623,15.597,-26.48,24.365,-43.565,43.79,-1778.7,-33.565,5041.7
-11.103,-4.9784,-18.96,23.392,-47.854,44.701,-1774.8,-33.412,5041.6
9.5288,-27.662,-9.8465,22.045,-51.928,45.52,-1770.9,-33.258,5041.4
-7.6607,-40.53,-0.021829,20.266,-55.729,46.244,-1766.9,-33.105,5041.3
5.9203,-44.244,9.5985,17.997,-59.198,46.868,-1762.9,-32.951,5041.1
-4.9267,-24.724,17.846,15.18,-62.279,47.39,-1758.8,-32.797,5041
6.0349,20.029,23.049,11.758,-64.912,47.805,-1754.7,-32.643,5040.8
-10.669,41.02,23.406,7.6859,-67.039,48.11,-1750.5,-32.489,5040.6
18.655,13.907,17.823,3.0132,-68.604,48.299,-1746.3,-32.335,5040.5
-27.407,-7.235,8.248,-2.055,-69.547,48.37,-1742,-32.18,5040.3
33.448,-7.8664,-2.6057,-7.277,-69.811,48.319,-1737.7,-32.026,5040.2
-8.0499,-16.428,-12.025,-12.411,-69.34,48.143,-1733.4,-31.871,5040
-32.405,-25.672,-17.298,-17.211,-68.084,47.844,-1728.9,-31.717,5039.8
0.33317,-21.479,-16.45,-21.392,-66.017,47.425,-1724.5,-31.562,5039.7
5.0554,-8.1918,-10.599,-24.626,-63.115,46.887,-1720,-31.407,5039.5
12.752,5.8663,-2.1339,-26.718,-59.358,46.234,-1715.4,-31.252,5039.4
-8.2434,10.951,6.4231,-27.506,-54.721,45.469,-1710.8,-31.097,5039.2
7.3005,-0.11896,12.317,-26.809,-49.207,44.594,-1706.2,-30.942,5039
-9.7311,-5.813,11.933,-24.421,-42.913,43.612,-1701.5,-30.787,5038.9
6.4158,-0.60657,3.8326,-20.503,-35.96,42.525,-1696.8,-30.632,5038.7
17.675,3.217,-5.4131,-15.637,-28.468,41.338,-1692,-30.476,5038.6
-19.324,-1.7368,-9.6766,-10.508,-20.558,40.051,-1687.2,-30.321,5038.4
3.6835,-2.7145,-6.6598,-5.7313,-12.352,38.669,-1682.4,-30.165,5038.2
15.289,0.028585,0.89707,-1.4153,-3.9699,37.194,-1677.5,-30.01,5038.1
4.2329,3.2632,7.3915,2.4614,4.4668,35.629,-1672.5,-29.854,5037.9
-7.8212,3.1298,8.1321,5.8949,12.837,33.977,-1667.6,-29.698,5037.8
5.6959,-4.0872,4.1094,8.82,21.021,32.241,-1662.6,-29.542,5037.6
-5.368,-4.9555,-1.6449,11.324,28.897,30.424,-1657.6,-29.386,5037.4
6.1427,2.5847,-6.1891,13.619,36.344,28.529,-1652.5,-29.231,5037.3
-7.0573,6.7754,-7.3259,15.961,43.241,26.559,-1647.4,-29.075,5037.1
6.4769,1.7703,-3.889,18.512,49.467,24.517,-1642.3,-28.918,5037
8.0777,-7.3392,1.912,20.759,54.902,22.405,-1637.1,-28.762,5036.8
-8.329,-10.5,6.3274,22.01,59.424,20.227,-1632,-28.606,5036.6
8.3333,-0.29253,7.1721,21.575,62.914,17.986,-1626.7,-28.45,5036.5
-7.7491,13.018,4.7484,18.957,65.26,15.685,-1621.5,-28.293,5036.3
6.5305,9.9917,-0.34069,14.455,66.393,13.327,-1616.3,-28.137,5036.2
-5.3828,-8.5569,-5.6006,8.5666,66.318,10.915,-1611,-27.981,5036
5.3644,-15.572,-8.0123,1.788,65.058,8.4536,-1605.7,-27.824,5035.8
-6.9169,0.6247,-5.5129,-5.2989,62.634,5.9492,-1600.3,-27.668,5035.7
9.3995,15.646,0.14369,-11.775,59.067,3.407,-1595,-27.511,5035.5
-11.714,16.069,6.279,-16.686,54.379,0.83285,-1589.6,-27.354,5035.3
13.356,16.325,10.255,-19.196,48.589,-1.7674,-1584.2,-27.198,5035.2
-14.721,12.78,10.031,-18.655,41.731,-4.388,-1578.8,-27.041,5035
16.391,-3.283,6.0315,-15.189,33.902,-7.0229,-1573.4,-26.884,5034.9
16.097,-16.529,-0.2733,-9.6209,25.288,-9.6662,-1568,-26.727,5034.7
-20.526,-16.976,-7.2972,-2.9206,16.111,-12.312,-1562.6,-26.57,5034.5
-7.3065,-1.765,-13.327,3.9063,6.6464,-14.955,-1557.1,-26.413,5034.4
23.515,16.011,-16.166,9.9647,-2.8269,-17.589,-1551.6,-26.256,5034.2
23.344,19.991,-13.676,14.619,-12.082,-20.207,-1546.2,-26.099,5034
-1.6989,2.5484,-5.0956,17.651,-20.909,-22.805,-1540.7,-25.942,5033.9
-23.259,-19.852,6.3362,18.966,-29.13,-25.376,-1535.2,-25.785,5033.7
22.2,-25.618,16.562,18.535,-36.632,-27.914,-1529.7,-25.628,5033.6
-20.971,-4.4745,22.659,16.385,-43.358,-30.414,-1524.2,-25.471,5033.4
-13,21.635,23.79,12.604,-49.266,-32.87,-1518.7,-25.313,5033.2
18.452,31.669,19.405,7.4979,-54.31,-35.275,-1513.2,-25.156,5033.1
14.146,13.861,9.467,1.5507,-58.447,-37.624,-1507.7,-24.998,5032.9
-15.688,-15.663,-3.5057,-4.7213,-61.633,-39.911,-1502.1,-24.841,5032.7
14.134,-35.035,-16.35,-10.801,-63.825,-42.131,-1496.6,-24.683,5032.6
-12.53,-31.914,-26.13,-16.173,-64.979,-44.276,-1491.1,-24.525,5032.4
2.0824,-13.431,-31.312,-20.32,-65.05,-46.343,-1485.6,-24.367,5032.3
6.9061,9.1658,-32.527,-22.75,-64.011,-48.325,-1480.1,-24.21,5032.1
8.7939,25.731,-30.613,-23.179,-61.902,-50.224,-1474.6,-24.052,5031.9
-8.3331,31.384,-25.899,-21.789,-58.813,-52.039,-1469.1,-23.893,5031.8
8.4139,27.982,-18.639,-18.868,-54.843,-53.773,-1463.6,-23.735,5031.6
-6.5777,19.789,-9.2758,-14.705,-50.091,-55.427,-1458.2,-23.577,5031.4
-10.023,8.2161,1.5773,-9.5887,-44.658,-57.002,-1452.7,-23.419,5031.3
11.293,-4.374,12.81,-3.8068,-38.643,-58.499,-1447.3,-23.26,5031.1
-1.3688,-13.385,23.26,2.3518,-32.146,-59.919,-1441.8,-23.102,5030.9
-4.3525,-16.961,32.042,8.5989,-25.267,-61.265,-1436.4,-22.943,5030.8
-14.361,-14.158,38.398,14.646,-18.106,-62.537,-1431,-22.784,5030.6
14.365,-5.8428,41.794,20.205,-10.763,-63.736,-1425.6,-22.625,5030.5
11.999,1.8809,41.751,24.988,-3.3364,-64.865,-1420.2,-22.466,5030.3
3.6406,6.174,37.737,28.759,4.0725,-65.924,-1414.8,-22.307,5030.1
-11.49,6.2582,29.429,31.47,11.364,-66.914,-1409.4,-22.148,5030
2.4274,2.164,17.969,33.123,18.439,-67.838,-1404.1,-21.988,5029.8
9.5619,-2.1526,4.6172,33.722,25.198,-68.696,-1398.8,-21.829,5029.6
-9.1609,-3.4446,-9.4603,33.297,31.545,-69.49,-1393.5,-21.669,5029.5
9.0793,-4.2295,-23.105,31.855,37.413,-70.222,-1388.2,-21.51,5029.3
-7.837,-3.9252,-35.067,29.366,42.772,-70.893,-1383,-21.35,5029.2
-9.0083,0.33318,-43.701,25.777,47.618,-71.504,-1377.7,-21.19,5029
8.0269,8.0023,-47.076,21.052,51.948,-72.058,-1372.5,-21.03,5028.8
8.3017,9.3363,-43.434,15.269,55.762,-72.555,-1367.3,-20.869,5028.7
-7.6976,-0.57763,-32.932,8.646,59.057,-72.998,-1362.2,-20.709,5028.5
6.9545,-13.786,-17.371,1.4479,61.832,-73.389,-1357,-20.548,5028.3
-6.029,-8.8036,1.0069,-6.0587,64.088,-73.729,-1351.9,-20.388,5028.2
4.9761,12.167,19.415,-13.614,65.833,-74.021,-1346.8,-20.227,5028
-4.1882,20.952,34.928,-20.962,67.078,-74.268,-1341.7,-20.066,5027.9
4.2895,6.8912,45.161,-27.845,67.832,-74.47,-1336.7,-19.904,5027.7
-5.6318,-14.047,49.872,-34.006,68.106,-74.631,-1331.7,-19.743,5027.5
-3.6857,-26.728,49.402,-39.237,67.912,-74.753,-1326.7,-19.582,5027.4
10.58,-20.818,44.398,-43.525,67.26,-74.84,-1321.7,-19.42,5027.2
-12.608,1.3857,35.967,-46.913,66.165,-74.895,-1316.8,-19.258,5027
-14.172,22.594,25.321,-49.453,64.654,-74.92,-1311.9,-19.096,5026.9
2.6344,30.646,13.705,-51.202,62.753,-74.915,-1307,-18.934,5026.7
12.871,15.019,2.3005,-52.218,60.491,-74.88,-1302.1,-18.772,5026.6
-10.535,-16.004,-8.3952,-52.558,57.896,-74.816,-1297.3,-18.609,5026.4
8.3422,-30.846,-18.063,-52.277,54.995,-74.722,-1292.4,-18.447,5026.2
-7.9619,-22.419,-26.458,-51.431,51.813,-74.599,-1287.6,-18.284,5026.1
10.287,-11.837,-33.63,-50.072,48.374,-74.448,-1282.9,-18.12,5025.9
-14.794,2.4463,-39.706,-48.251,44.699,-74.268,-1278.1,-17.957,5025.7
9.6293,18.772,-44.808,-46.016,40.808,-74.06,-1273.4,-17.793,5025.6
20.769,27.52,-49.062,-43.418,36.722,-73.824,-1268.7,-17.629,5025.4
28.573,19.342,-52.49,-40.508,32.458,-73.561,-1264,-17.465,5025.3
-29.345,-3.2422,-54.696,-37.368,28.036,-73.27,-1259.4,-17.301,5025.1
-1.3131,-19.622,-55.178,-34.088,23.473,-72.953,-1254.8,-17.136,5024.9
24.136,-23.449,-53.477,-30.722,18.789,-72.609,-1250.2,-16.971,5024.8
-20.348,-17.122,-49.341,-27.291,14.002,-72.238,-1245.6,-16.805,5024.6
-10.453,-14.082,-43.094,-23.811,9.1305,-71.842,-1241.1,-16.64,5024.5
14.235,-13.764,-35.198,-20.296,4.1923,-71.419,-1236.5,-16.473,5024.3
9.0833,-11.456,-26.115,-16.762,-0.79383,-70.972,-1232,-16.307,5024.1
-10.699,-3.7278,-16.308,-13.223,-5.8084,-70.5,-1227.5,-16.14,5024
8.3577,9.8607,-6.2401,-9.6933,-10.832,-70.006,-1223.1,-15.973,5023.8
8.6739,19.078,3.6261,-6.1892,-15.845,-69.49,-1218.7,-15.805,5023.6
-3.045,14.154,12.833,-2.7249,-20.828,-68.954,-1214.3,-15.637,5023.5
-7.2865,-2.1564,20.93,0.68459,-25.762,-68.4,-1209.9,-15.468,5023.3
6.8365,-19.955,27.407,4.0244,-30.626,-67.829,-1205.5,-15.299,5023.2
-6.5639,-18.87,31.988,7.2795,-35.401,-67.243,-1201.2,-15.13,5023
-5.2065,0.83152,35.376,10.435,-40.067,-66.645,-1196.9,-14.96,5022.8
6.2463,20.765,38.523,13.476,-44.603,-66.035,-1192.6,-14.79,5022.7
2.2285,23.367,42.268,16.388,-48.99,-65.416,-1188.4,-14.619,5022.5
-5.951,8.9277,46.816,19.156,-53.207,-64.79,-1184.1,-14.448,5022.3
-3.2368,-11.425,51.582,21.765,-57.235,-64.158,-1179.9,-14.276,5022.2
6.4477,-25.825,55.81,24.199,-61.054,-63.523,-1175.7,-14.104,5022
-7.5511,-25.422,58.789,26.445,-64.643,-62.886,-1171.6,-13.932,5021.9
9.5082,-20.823,59.956,28.503,-67.983,-62.249,-1167.4,-13.758,5021.7
-0.70839,-18.843,58.729,30.436,-71.054,-61.615,-1163.3,-13.585,5021.5
-15.841,-13.442,54.522,32.312,-73.835,-60.984,-1159.2,-13.411,5021.4
19.828,1.0434,46.769,34.177,-76.307,-60.359,-1155.1,-13.236,5021.2
8.0187,17.325,34.907,36.076,-78.451,-59.742,-1151.1,-13.061,5021
-27.819,24.174,18.394,38.055,-80.249,-59.135,-1147.1,-12.886,5020.9
30.962,14.418,-2.4969,40.172,-81.696,-58.539,-1143.1,-12.71,5020.7
26.895,-2.6418,-24.532,42.486,-82.788,-57.956,-1139.1,-12.534,5020.5
-21.901,-16.555,-43.741,45.056,-83.522,-57.388,-1135.1,-12.357,5020.4
-32.434,-17.665,-56.156,47.943,-83.893,-56.838,-1131.2,-12.179,5020.2
29.392,-1.7461,-58.631,51.2,-83.899,-56.307,-1127.3,-12.001,5020
28.885,14.155,-51.306,54.83,-83.537,-55.794,-1123.4,-11.823,5019.9
27.261,13.93,-35.064,58.74,-82.808,-55.299,-1119.6,-11.644,5019.7
-13.698,0.85726,-11.792,62.814,-81.713,-54.818,-1115.7,-11.465,5019.5
9.1044,-11.047,12.85,66.936,-80.255,-54.345,-1111.9,-11.285,5019.4
-6.2972,-2.777,33.558,70.989,-78.436,-53.877,-1108.1,-11.104,5019.2
5.6229,11.588,48.11,74.857,-76.258,-53.411,-1104.4,-10.923,5019
-6.4257,11.928,55.259,78.423,-73.722,-52.944,-1100.6,-10.742,5018.9
7.3786,-2.4386,55.087,81.578,-70.831,-52.471,-1096.9,-10.56,5018.7
-7.4667,-14.432,49.329,84.234,-67.584,-51.99,-1093.2,-10.378,5018.5
6.7192,-7.2319,39.97,86.314,-63.986,-51.497,-1089.5,-10.195,5018.4
5.8425,9.884,28.571,87.747,-60.036,-50.988,-1085.9,-10.011,5018.2
-6.2778,21.568,16.567,88.485,-55.737,-50.461,-1082.2,-9.8272,5018
8.3981,21.735,5.1125,88.487,-51.09,-49.911,-1078.6,-9.6426,5017.9
-9.9216,20.673,-5.6169,87.71,-46.098,-49.335,-1075,-9.4576,5017.7
-17.536,19.168,-15.33,86.118,-40.767,-48.73,-1071.5,-9.272,5017.5
-9.9469,14.968,-23.801,83.678,-35.109,-48.093,-1067.9,-9.0859,5017.4
12.52,7.3012,-30.912,80.366,-29.143,-47.419,-1064.4,-8.8993,5017.2
26.716,-4.2447,-36.575,76.175,-22.895,-46.705,-1060.9,-8.7122,5017
32.592,-19.582,-40.744,71.148,-16.395,-45.949,-1057.5,-8.5245,5016.9
-30.769,-33.381,-43.388,65.344,-9.6759,-45.146,-1054,-8.3363,5016.7
26.133,-31.911,-44.539,58.825,-2.7756,-44.293,-1050.6,-8.1475,5016.5
8.8039,-18.271,-44.502,51.671,4.2628,-43.387,-1047.2,-7.9583,5016.3
-13.848,-0.13206,-43.686,44.001,11.394,-42.423,-1043.8,-7.7685,5016.2
9.156,17.817,-42.468,35.908,18.574,-41.4,-1040.4,-7.5781,5016
-6.273,35.965,-41.218,27.473,25.756,-40.313,-1037.1,-7.3872,5015.8
4.7839,34.083,-40.094,18.775,32.897,-39.158,-1033.8,-7.1958,5015.7
-4.5765,2.2049,-38.469,9.8972,39.949,-37.933,-1030.5,-7.0038,5015.5
5.9667,-31.171,-35.688,0.9269,46.862,-36.634,-1027.2,-6.8113,5015.3
-8.6412,-33.725,-31.199,-8.0474,53.582,-35.257,-1024,-6.6182,5015.1
11.291,-14.49,-24.776,-16.937,60.057,-33.799,-1020.7,-6.4246,5015
7.3824,1.6922,-16.778,-25.654,66.234,-32.257,-1017.5,-6.2304,5014.8
-12.71,13.415,-7.6936,-34.109,72.061,-30.627,-1014.3,-6.0357,5014.6
-10.218,22.202,1.9866,-42.214,77.484,-28.906,-1011.2,-5.8404,5014.4
0.04083,26.879,11.773,-49.88,82.45,-27.089,-1008,-5.6446,5014.3
6.6076,23.765,21.087,-57.018,86.908,-25.175,-1004.9,-5.4482,5014.1
-4.8446,10.194,28.974,-63.541,90.804,-23.159,-1001.8,-5.2513,5013.9
-1.509,-9.2095,34.302,-69.359,94.085,-21.038,-998.76,-5.0537,5013.7
5.3762,-19.803,35.916,-74.387,96.703,-18.808,-995.7,-4.8557,5013.6
-7.9097,-11.551,32.946,-78.543,98.628,-16.466,-992.67,-4.657,5013.4
9.6203,4.0203,25.669,-81.712,99.844,-14.008,-989.66,-4.4578,5013.2
12.358,14.508,14.691,-83.816,100.34,-11.433,-986.67,-4.2581,5013
16.796,11.093,0.91359,-84.796,100.14,-8.7404,-983.71,-4.0577,5012.8
-17.131,-2.2078,-13.609,-84.6,99.242,-5.9366,-980.76,-3.8568,5012.7
-7.6189,-9.9159,-26.536,-83.183,97.683,-3.0293,-977.84,-3.6554,5012.5
-3.3502,-9.1217,-35.436,-80.498,95.489,-0.027095,-974.93,-3.4533,5012.3
13.216,-1.8668,-37.884,-76.522,92.688,3.0615,-972.05,-3.2508,5012.1
-14.105,6.6359,-32.79,-71.306,89.306,6.2278,-969.19,-3.0476,5012
15.879,1.7596,-20.1,-64.887,85.373,9.4634,-966.35,-2.844,5011.8
-15.804,-5.4784,-2.3854,-57.29,80.916,12.76,-963.54,-2.6397,5011.6
-2.3951,-1.4266,16.801,-48.542,75.963,16.108,-960.74,-2.435,5011.4
7.9972,5.3862,33.114,-38.669,70.541,19.499,-957.96,-2.2297,5011.2
-4.3159,3.6524,42.367,-27.697,64.679,22.926,-955.21,-2.0239,5011
3.88,-4.5334,42.199,-15.714,58.404,26.379,-952.48,-1.8175,5010.9
-6.0498,-7.6614,32.488,-3.0822,51.743,29.851,-949.76,-1.6106,5010.7
-9.6239,-0.73194,14.803,9.6798,44.724,33.333,-947.07,-1.4033,5010.5
10.624,10.897,-5.9235,22.091,37.373,36.818,-944.4,-1.1954,5010.3
-8.9327,5.5653,-24.648,33.685,29.718,40.298,-941.75,-0.98709,5010.1
6.8075,-15.335,-39.147,43.997,21.785,43.766,-939.12,-0.77832,5009.9
-6.6244,-17.83,-47.911,52.562,13.602,47.212,-936.51,-0.56912,5009.7
8.7415,4.3089,-49.996,59.019,5.1958,50.631,-933.92,-0.3595,5009.6
-2.7949,23.18,-46.677,63.421,-3.4031,54.012,-931.35,-0.14948,5009.4
-16.954,21.002,-39.408,65.906,-12.148,57.35,-928.81,0.060928,5009.2
21.792,-7.9533,-28.426,66.595,-20.976,60.636,-926.28,0.27171,5009
-26.276,-31.001,-14.59,65.59,-29.807,63.862,-923.77,0.48284,5008.8
28.685,-26.087,0.93548,62.979,-38.544,67.021,-921.29,0.6943,5008.6
31.549,-5.827,16.777,58.848,-47.09,70.104,-918.82,0.90609,5008.4
9.8762,13.281,31.505,53.283,-55.347,73.103,-916.38,1.1182,5008.2
-30.072,29.361,43.692,46.369,-63.217,76.012,-913.95,1.3306,5008.1
-10.015,39.591,51.921,38.179,-70.602,78.822,-911.54,1.5432,5007.9
16.3,38.454,55.101,28.753,-77.404,81.525,-909.16,1.7561,5007.7
22.639,21.476,53.267,18.241,-83.525,84.113,-906.79,1.9693,5007.5
-22.08,-6.3045,46.727,7.0918,-88.869,86.579,-904.45,2.1827,5007.3
-16.477,-34.475,35.785,-4.1753,-93.335,88.915,-902.12,2.3963,5007.1
25.882,-37.613,20.746,-15.04,-96.83,91.115,-899.81,2.61,5006.9
-28.943,-2.9428,2.3747,-24.981,-99.256,93.172,-897.53,2.824,5006.7
31.407,33.08,-16.734,-33.48,-100.52,95.082,-895.26,3.0381,5006.5
31.891,32.713,-33.588,-40.016,-100.53,96.845,-893.01,3.2524,5006.3
-29.681,-1.9335,-45.435,-44.068,-99.188,98.457,-890.78,3.4668,5006.1
24.961,-23.28,-49.516,-45.173,-96.42,99.913,-888.57,3.6813,5005.9
-19.169,-14.464,-43.827,-43.227,-92.214,101.21,-886.38,3.8959,5005.7
-15.157,0.3006,-30.414,-38.693,-86.685,102.34,-884.21,4.1106,5005.5
9.4508,10.008,-12.358,-32.165,-79.974,103.3,-882.06,4.3253,5005.3
-6.8783,10.408,7.2634,-24.234,-72.222,104.09,-879.93,4.5401,5005.1
6.0758,2.4216,25.037,-15.492,-63.57,104.69,-877.82,4.7549,5004.9
-6.8126,-6.7184,36.415,-6.5328,-54.16,105.11,-875.72,4.9697,5004.7
8.7537,-5.3679,37.943,2.0521,-44.133,105.34,-873.65,5.1846,5004.5
-11.192,5.7356,29.848,9.737,-33.631,105.38,-871.59,5.3994,5004.3
12.9,4.845,16.141,16.264,-22.795,105.21,-869.54,5.6142,5004.1
-12.753,-7.0598,0.99648,21.437,-11.765,104.84,-867.51,5.8289,5003.9
10.789,-4.7154,-11.421,25.044,-0.68489,104.26,-865.5,6.0436,5003.7
-8.5873,4.3556,-19.319,26.906,10.306,103.46,-863.5,6.2582,5003.5
8.2586,8.9738,-23.049,26.997,21.065,102.44,-861.51,6.4727,5003.3
-10.784,13.494,-23.362,25.33,31.454,101.19,-859.54,6.6871,5003.1
-10.383,8.0448,-20.832,21.943,41.341,99.703,-857.58,6.9013,5002.9
20.36,-5.6519,-15.631,17.072,50.597,97.981,-855.63,7.1155,5002.7
13.829,-19.175,-8.975,11.189,59.085,96.015,-853.69,7.3294,5002.5
-25.214,-18.542,-2.3186,4.8185,66.666,93.8,-851.76,7.5432,5002.3
23.165,2.4917,3.2818,-1.5197,73.202,91.329,-849.84,7.7568,5002.1
8.3485,20.453,7.3754,-7.3201,78.575,88.598,-847.92,7.9701,5001.9
-3.6369,26.081,9.6309,-12.056,82.657,85.6,-846.01,8.1833,5001.7
-9.4917,17.714,9.7423,-15.137,85.301,82.331,-844.11,8.3962,5001.5
8.7485,1.1932,7.8157,-16.162,86.409,78.784,-842.21,8.6088,5001.3
-11.433,-1.0679,4.5578,-15.302,85.916,74.96,-840.32,8.8212,5001.1
15.752,-6.4393,0.80762,-12.957,83.842,70.873,-838.43,9.0333,5000.8
-21.609,-25.932,-2.5961,-9.6308,80.304,66.542,-836.54,9.245,5000.6
-21.652,-34.941,-4.8296,-5.8791,75.487,61.985,-834.65,9.4565,5000.4
-4.9855,-11.497,-5.3293,-2.1637,69.589,57.22,-832.76,9.6676,5000.2
19.478,22.861,-4.3621,1.2598,62.805,52.264,-830.87,9.8783,5000
-16.432,38.885,-2.4681,4.2493,55.337,47.137,-828.98,10.089,4999.8
13.936,26.809,-0.1602,6.6834,47.383,41.857,-827.09,10.299,4999.6
2.0647,3.7953,2.2304,8.4556,39.128,36.441,-825.19,10.508,4999.4
-15.564,-20.158,4.4179,9.4767,30.739,30.908,-823.29,10.717,4999.1
20.646,-38.278,6.1008,9.7075,22.346,25.276,-821.38,10.925,4998.9
-22.249,-44.28,6.9115,9.222,14.036,19.563,-819.47,11.133,4998.7
-37.469,-37.924,6.5298,8.1417,5.8753,13.788,-817.55,11.341,4998.5
-34.488,-21.435,4.9866,6.5909,-2.07,7.9675,-815.62,11.548,4998.3
2.7157,0.49748,2.5617,4.6929,-9.7352,2.1211,-813.68,11.754,4998.1
66.02,22.587,-0.42262,2.5711,-17.055,-3.7334,-811.73,11.96,4997.8
73.732,39.546,-3.6441,0.3488,-23.965,-9.5779,-809.76,12.165,4997.6
42.844,47.367,-6.8052,-1.8506,-30.399,-15.394,-807.79,12.369,4997.4
-52.308,47.166,-9.7157,-3.9038,-36.292,-21.164,-805.8,12.573,4997.2
-81.173,41.376,-12.245,-5.6875,-41.579,-26.869,-803.8,12.776,4997
-26.289,31.408,-14.288,-7.0718,-46.202,-32.492,-801.79,12.978,4996.7
71.239,14.511,-15.742,-7.8956,-50.134,-38.014,-799.76,13.18,4996.5
-26.136,-10.448,-16.463,-8.0061,-53.381,-43.417,-797.71,13.38,4996.3
-52.133,-33.948,-16.126,-7.4186,-55.966,-48.682,-795.64,13.58,4996.1
-15.387,-45.733,-14.265,-6.2818,-57.915,-53.792,-793.55,13.78,4995.8
-7.5921,-43.069,-10.556,-4.7715,-59.265,-58.728,-791.45,13.978,4995.6
22.401,-24.425,-5.4158,-3.0012,-60.095,-63.473,-789.32,14.176,4995.4
-5.7285,7.9077,0.55521,-1.0674,-60.495,-68.008,-787.18,14.373,4995.2
-13.361,35.597,6.7556,0.9335,-60.555,-72.314,-785.01,14.569,4994.9
13.914,42.142,12.584,2.9009,-60.36,-76.374,-782.81,14.764,4994.7
-17.125,33.206,17.485,4.7176,-59.98,-80.17,-780.6,14.959,4994.5
21.075,12.042,21.08,6.2623,-59.478,-83.684,-778.35,15.153,4994.2
-23.887,-18.464,23.04,7.4139,-58.919,-86.899,-776.08,15.347,4994
-5.3663,-38.685,23.032,8.051,-58.366,-89.797,-773.79,15.54,4993.8
23.568,-36.578,20.877,8.0807,-57.86,-92.362,-771.47,15.732,4993.5
16.049,-14.217,17.004,7.5223,-57.335,-94.588,-769.11,15.923,4993.3
4.7442,14.997,11.994,6.4279,-56.707,-96.47,-766.73,16.114,4993.1
-13.486,35.169,6.4283,4.893,-55.933,-98.005,-764.32,16.305,4992.8
10.502,30.621,0.84881,3.0435,-54.997,-99.19,-761.88,16.495,4992.6
-9.4638,-2.1716,-4.3619,1.0103,-53.89,-100.03,-759.4,16.684,4992.4
11.222,-32.629,-8.8607,-1.0757,-52.598,-100.51,-756.89,16.873,4992.1
-10.365,-25.511,-12.398,-3.0835,-51.1,-100.67,-754.34,17.061,4991.9
-20.332,4.8955,-15.101,-4.8823,-49.374,-100.49,-751.76,17.248,4991.7
24.672,30.395,-17.182,-6.3517,-47.394,-99.994,-749.15,17.436,4991.4
8.7647,29.565,-18.743,-7.4133,-45.121,-99.191,-746.5,17.622,4991.2
-7.4793,11.399,-19.624,-7.9994,-42.512,-98.087,-743.82,17.808,4990.9
-26.976,-7.188,-19.867,-8.0485,-39.524,-96.693,-741.12,17.994,4990.7
-7.4273,-14.03,-19.557,-7.5261,-36.12,-95.016,-738.38,18.18,4990.5
19.608,-16.255,-18.725,-6.4232,-32.293,-93.067,-735.61,18.364,4990.2
-14.802,-22.994,-17.276,-4.7971,-28.094,-90.854,-732.82,18.549,4990
10.721,-27.862,-15.036,-2.7743,-23.586,-88.386,-730.01,18.733,4989.7
2.7667,-12.8,-11.871,-0.49484,-18.832,-85.672,-727.17,18.917,4989.5
-7.8292,12.173,-7.8612,1.9012,-13.896,-82.721,-724.3,19.1,4989.2
9.3015,28.154,-3.141,4.2737,-8.8412,-79.542,-721.42,19.283,4989
-12.085,18.812,2.0289,6.4826,-3.7297,-76.144,-718.51,19.466,4988.8
15.174,-3.9176,6.9036,8.3877,1.3748,-72.537,-715.59,19.648,4988.5
10,-21.049,10.7,9.8488,6.4091,-68.728,-712.65,19.83,4988.3
-2.6987,-28.438,12.698,10.726,11.31,-64.728,-709.69,20.012,4988
-19.804,-26.236,12.536,10.879,16.015,-60.545,-706.72,20.193,4987.8
-21.912,-15.683,10.61,10.203,20.456,-56.188,-703.73,20.375,4987.5
0.068805,0.077059,7.3667,8.7477,24.552,-51.666,-700.73,20.556,4987.3
4.8564,15.471,3.2215,6.6089,28.207,-46.988,-697.72,20.736,4987
7.2435,24.393,-1.411,3.8802,31.324,-42.164,-694.69,20.917,4986.8
8.7261,22.088,-6.0098,0.64546,33.82,-37.201,-691.66,21.097,4986.5
12.494,9.6267,-9.5736,-3.0426,35.639,-32.11,-688.62,21.277,4986.2
-9.0841,-7.084,-10.767,-7.1391,36.737,-26.899,-685.58,21.457,4986
6.0357,-15.917,-8.285,-11.514,37.066,-21.578,-682.52,21.637,4985.7
1.8279,-11.439,-1.8523,-15.673,36.582,-16.155,-679.47,21.817,4985.5
-3.7185,-1.4566,5.9481,-18.94,35.243,-10.646,-676.41,21.996,4985.2
4.879,5.0091,11.841,-20.614,33.016,-5.0723,-673.35,22.176,4985
-6.9169,6.3202,12.805,-20.072,29.889,0.543,-670.29,22.355,4984.7
3.5325,2.1105,7.6623,-17.122,25.942,6.1733,-667.23,22.535,4984.4
9.6227,-3.449,-1.1816,-12.132,21.31,11.792,-664.17,22.715,4984.2
-8.9599,-3.794,-10.494,-5.5926,16.141,17.37,-661.12,22.894,4983.9
7.1304,4.7765,-16.268,2.0029,10.582,22.879,-658.07,23.074,4983.6
-5.3875,2.7907,-13.196,10.151,4.7836,28.291,-655.02,23.254,4983.4
5.1051,-9.4495,-3.07,18.306,-1.107,33.576,-651.98,23.433,4983.1
-6.9661,-9.0329,8.9933,25.907,-6.941,38.706,-648.95,23.613,4982.9
10.574,5.4444,18.705,32.397,-12.569,43.653,-645.93,23.794,4982.6
-14.614,19.121,22.095,37.223,-17.849,48.386,-642.93,23.974,4982.3
17.586,15.252,16.628,39.98,-22.679,52.886,-639.93,24.155,4982.1
12.797,-6.8523,5.5165,40.779,-27.014,57.131,-636.95,24.336,4981.8
-18.02,-26.12,-6.5909,39.88,-30.844,61.101,-633.98,24.517,4981.5
15.985,-23.956,-16.078,37.553,-34.169,64.777,-631.02,24.699,4981.2
-13.701,-9.8622,-23.217,34.068,-36.99,68.138,-628.09,24.881,4981
-2.7261,4.4449,-28.372,29.687,-39.3,71.165,-625.17,25.063,4980.7
12.919,18.357,-31.674,24.667,-41.091,73.844,-622.27,25.246,4980.4
-15.413,25.801,-33.251,19.269,-42.361,76.159,-619.39,25.429,4980.2
18.836,2.3623,-32.902,13.729,-43.108,78.103,-616.54,25.612,4979.9
-21.246,-22.417,-29.073,8.1632,-43.338,79.672,-613.71,25.797,4979.6
21.779,-4.266,-20.129,2.5574,-43.068,80.872,-610.9,25.981,4979.3
-21.349,18.525,-5.8355,-3.1322,-42.321,81.718,-608.12,26.166,4979
1.1045,10.311,12.692,-8.9488,-41.12,82.224,-605.36,26.352,4978.8
21.944,-9.11,30.495,-14.936,-39.488,82.404,-602.63,26.539,4978.5
14.796,-13.919,42.55,-21.136,-37.449,82.273,-599.94,26.726,4978.2
-18.106,-5.3571,46.232,-27.594,-35.026,81.844,-597.27,26.913,4977.9
-27.706,6.531,41.415,-34.328,-32.244,81.131,-594.63,27.102,4977.6
-20.052,11.702,28.667,-41.263,-29.125,80.145,-592.02,27.291,4977.4
28.448,4.5235,9.9113,-48.299,-25.694,78.899,-589.44,27.481,4977.1
-25.751,-10.726,-11.418,-55.338,-21.973,77.406,-586.89,27.671,4976.8
-20.289,-10.838,-31.645,-62.28,-17.987,75.677,-584.36,27.863,4976.5
15.59,2.6571,-47.707,-69.025,-13.759,73.724,-581.86,28.056,4976.2
-10.969,10.087,-57.844,-75.474,-9.312,71.56,-579.39,28.25,4975.9
8.5755,-2.8175,-60.858,-81.529,-4.6702,69.197,-576.93,28.445,4975.6
-8.7754,-8.9015,-56.578,-87.055,0.14291,66.647,-574.5,28.642,4975.3
7.3335,-0.0069604,-45.446,-91.814,5.1041,63.922,-572.09,28.84,4975.1
12.898,7.6056,-28.855,-95.65,10.193,61.036,-569.7,29.039,4974.8
-14.132,0.65532,-8.6029,-98.45,15.402,58,-567.34,29.24,4974.5
13.884,-6.6505,12.814,-100.1,20.721,54.826,-564.99,29.442,4974.2
6.4226,-4.481,33,-100.47,26.129,51.527,-562.66,29.646,4973.9
-10.884,1.7734,50.664,-99.414,31.579,48.115,-560.35,29.852,4973.6
8.0967,5.2666,64.79,-96.769,37.019,44.603,-558.05,30.06,4973.3
8.5427,5.9487,74.503,-92.377,42.397,41.003,-555.77,30.269,4973
-5.6291,4.0553,79.48,-86.082,47.659,37.327,-553.51,30.481,4972.7
-8.8189,0.82195,79.718,-77.792,52.752,33.588,-551.26,30.694,4972.4
-8.8257,-2.2649,75.945,-67.705,57.622,29.798,-549.03,30.91,4972.1
4.4826,-4.4219,69.089,-56.104,62.214,25.971,-546.81,31.128,4971.8
12.202,-5.2095,60.079,-43.272,66.474,22.122,-544.6,31.348,4971.5
4.7712,-4.3502,49.72,-29.492,70.345,18.265,-542.4,31.57,4971.2
-14.21,-2.0011,38.294,-15.047,73.773,14.413,-540.22,31.795,4970.9
1.5311,1.2776,25.83,-0.21864,76.702,10.582,-538.04,32.022,4970.6
15.341,3.2683,12.351,14.709,79.078,6.7856,-535.87,32.252,4970.3
-9.6827,2.3514,-2.1769,29.455,80.844,3.0381,-533.72,32.484,4970
-16.497,-0.0041366,-17.068,43.74,81.947,-0.64662,-531.56,32.719,4969.7
7.807,-1.7246,-31.463,57.312,82.334,-4.2573,-529.42,32.957,4969.4
19.075,-1.2096,-44.665,69.96,81.955,-7.7852,-527.28,33.198,4969
-21.181,1.7888,-56.379,81.495,80.763,-11.224,-525.15,33.441,4968.7
15.35,2.2967,-66.093,91.732,78.71,-14.566,-523.02,33.688,4968.4
26.528,-0.60928,-73.69,100.49,75.75,-17.807,-520.9,33.937,4968.1
10.674,-5.4314,-79.339,107.59,71.834,-20.939,-518.77,34.19,4967.8
-31.686,-7.2698,-83.337,112.96,66.915,-23.955,-516.65,34.446,4967.5
2.6283,-2.1415,-85.799,116.65,60.94,-26.85,-514.54,34.705,4967.2
8.5671,7.0323,-85.782,118.71,53.879,-29.618,-512.42,34.967,4966.8
35.764,16.078,-82.503,119.14,45.737,-32.25,-510.3,35.234,4966.5
20.781,21.092,-75.348,117.86,36.615,-34.742,-508.18,35.503,4966.2
-27.277,19.014,-63.995,114.76,26.661,-37.087,-506.06,35.777,4965.9
-34.306,8.0503,-49.281,109.78,16.036,-39.278,-503.94,36.054,4965.6
33.061,-11.708,-32.468,102.97,4.8981,-41.308,-501.81,36.335,4965.3
-32.065,-32.875,-14.848,94.438,-6.5946,-43.172,-499.68,36.621,4964.9
30.019,-45.214,2.3139,84.25,-18.283,-44.863,-497.55,36.91,4964.6
32.807,-47.045,17.922,72.472,-30.009,-46.374,-495.41,37.203,4964.3
25.51,-41.66,31.49,59.168,-41.613,-47.697,-493.27,37.501,4964
-37.766,-35.614,42.527,44.389,-52.937,-48.828,-491.12,37.803,4963.6
-14.559,-32.808,50.554,28.128,-63.821,-49.759,-488.96,38.11,4963.3
43.926,-23.789,55.07,10.402,-74.108,-50.483,-486.8,38.421,4963
25.403,0.46904,55.263,-8.4629,-83.639,-50.994,-484.62,38.737,4962.6
-46.321,33.692,50.082,-27.645,-92.255,-51.286,-482.44,39.058,4962.3
45.054,60.439,39.308,-46.181,-99.796,-51.351,-480.26,39.384,4962
-3.8051,55.847,23.368,-63.095,-106.11,-51.183,-478.06,39.714,4961.7
-39.222,24.104,5.0449,-77.414,-111.02,-50.776,-475.85,40.05,4961.3
-29.222,-19.917,-12.276,-88.164,-114.39,-50.123,-473.63,40.391,4961
33.713,-51.688,-25.211,-94.371,-116.05,-49.22,-471.39,40.737,4960.7
23.967,-51.234,-30.711,-95.056,-115.85,-48.064,-469.15,41.089,4960.3
-9.5339,-29.899,-27.869,-89.519,-113.67,-46.667,-466.88,41.445,4960
-25.368,-0.81957,-19.251,-78.304,-109.63,-45.046,-464.6,41.808,4959.6
-29.287,23.727,-7.9749,-62.503,-103.87,-43.218,-462.29,42.176,4959.3
28.37,27.652,2.9054,-43.27,-96.529,-41.2,-459.97,42.549,4959
-26.998,3.9678,10.478,-21.759,-87.767,-39.01,-457.62,42.928,4958.6
25.253,-17.707,12.405,0.87669,-77.728,-36.666,-455.25,43.313,4958.3
19.142,-14.314,7.5048,23.328,-66.559,-34.185,-452.85,43.704,4958
-22.396,0.39467,-0.97045,43.611,-54.408,-31.583,-450.43,44.101,4957.6
21.966,6.6907,-7.177,59.319,-41.424,-28.879,-447.98,44.504,4957.3
-17.433,2.3743,-6.5028,68.291,-27.753,-26.09,-445.5,44.913,4956.9
-21.767,-3.0336,-1.6862,70.477,-13.544,-23.232,-442.98,45.328,4956.6
20.591,-1.6732,3.0961,66.452,1.0504,-20.324,-440.44,45.749,4956.2
13.203,0.53535,5.2283,57.264,15.852,-17.383,-437.86,46.177,4955.9
-8.5752,1.6229,2.9092,44.546,30.651,-14.427,-435.25,46.611,4955.5
-11.456,1.0272,-2.2876,30.03,45.22,-11.471,-432.59,47.052,4955.2
7.8191,-1.3536,-6.6804,15.472,59.3,-8.5349,-429.91,47.499,4954.9
-4.5708,-0.63945,-6.8992,2.3687,72.624,-5.6348,-427.18,47.953,4954.5
2.0261,0.87218,-2.6358,-8.9601,84.943,-2.7882,-424.41,48.414,4954.2
-0.61479,-0.81326,3.599,-18.784,96.093,-0.012692,-421.6,48.881,4953.8
1.0133,0.29192,8.3248,-27.178,105.93,2.6745,-418.74,49.355,4953.5
-3.616,1.9681,9.3537,-34.239,114.31,5.2561,-415.84,49.835,4953.1
7.699,-3.4073,5.1845,-39.934,121.09,7.7146,-412.9,50.321,4952.8
-11.327,-0.13878,-3.378,-43.651,126.13,10.033,-409.9,50.814,4952.4
12.518,7.4922,-10.815,-44.758,129.29,12.193,-406.85,51.313,4952.1
-10.868,-3.5712,-11.529,-42.744,130.47,14.178,-403.76,51.818,4951.7
8.1099,-11.492,-6.0974,-37.539,129.83,15.974,-400.6,52.329,4951.4
-6.891,-4.8261,2.6288,-29.535,127.56,17.579,-397.4,52.846,4951
8.7105,1.8061,10.859,-19.219,123.85,18.998,-394.14,53.369,4950.7
-12.867,11.091,14.602,-7.076,118.88,20.234,-390.82,53.898,4950.3
5.1658,14.603,10.258,6.2053,112.85,21.294,-387.44,54.433,4950
20.164,6.0472,-2.3504,19.077,105.93,22.181,-384,54.974,4949.6
-19.847,-12.307,-15.582,29.58,98.333,22.9,-380.5,55.52,4949.2
11.022,-12.236,-20.403,35.695,90.24,23.455,-376.93,56.072,4948.9
12.556,0.34701,-11.956,35.93,81.869,23.851,-373.3,56.63,4948.5
-9.7968,10.073,4.8772,31.073,73.341,24.091,-369.6,57.193,4948.2
10.32,-2.9217,22.184,22.499,64.734,24.184,-365.84,57.762,4947.8
-14.738,-9.6097,29.432,11.539,56.122,24.137,-362.01,58.336,4947.5
22.204,5.5673,19.881,-0.64166,47.579,23.956,-358.12,58.916,4947.1
-31.248,12.24,0.9045,-12.803,39.179,23.648,-354.16,59.5,4946.8
40.472,0.21439,-19.431,-23.673,30.996,23.22,-350.15,60.09,4946.4
28.222,-13.385,-35.721,-31.981,23.106,22.679,-346.07,60.685,4946.1
3.3362,-21.325,-43.071,-36.455,15.582,22.033,-341.93,61.285,4945.7
-58.651,-18.518,-38.077,-36.194,8.4783,21.288,-337.74,61.89,4945.4
1.1458,1.9896,-23.283,-31.776,1.7711,20.452,-333.49,62.5,4945
55.262,26.479,-2.7172,-24.155,-4.5776,19.535,-329.19,63.114,4944.6
29.41,39.534,19.589,-14.286,-10.604,18.545,-324.83,63.732,4944.3
14.429,41.501,39.605,-3.1263,-16.343,17.492,-320.43,64.356,4943.9
-20.328,36.475,53.772,8.3695,-21.833,16.384,-315.98,64.983,4943.6
-20.802,28.81,60.749,19.245,-27.108,15.23,-311.5,65.614,4943.2
8.5112,24.806,61.011,28.545,-32.205,14.039,-306.97,66.25,4942.9
9.9525,23.366,55.448,35.484,-37.161,12.82,-302.41,66.89,4942.5
-8.1076,18.86,45.235,39.998,-42.011,11.58,-297.81,67.533,4942.2
-17.588,-0.52255,31.466,42.35,-46.791,10.33,-293.19,68.18,4941.8
27.787,-38.316,15.197,42.861,-51.553,9.0783,-288.53,68.831,4941.5
-0.90937,-64.076,-2.515,41.88,-56.378,7.8327,-283.85,69.485,4941.1
-45.577,-57.708,-20.728,39.642,-61.233,6.6024,-279.15,70.143,4940.7
-10.52,-12.957,-38.516,36.348,-66.052,5.3961,-274.43,70.804,4940.4
42.429,39.623,-53.339,32.201,-70.767,4.2225,-269.69,71.468,4940
-2.0932,66.318,-62.223,27.403,-75.313,3.0903,-264.94,72.135,4939.7
-27.29,58.458,-62.966,22.155,-79.624,2.0083,-260.18,72.806,4939.3
6.185,20.701,-56.437,16.636,-83.633,0.98492,-255.4,73.479,4939
22.838,-25.189,-44.182,10.933,-87.274,0.028269,-250.62,74.154,4938.6
-26.032,-56.472,-27.724,5.1051,-90.479,-0.85387,-245.84,74.833,4938.3
28.181,-61.741,-8.8286,-0.78374,-93.181,-1.6537,-241.06,75.514,4937.9
16.723,-44.985,9.9596,-6.6721,-95.313,-2.3633,-236.28,76.197,4937.6
-19.135,-10.371,26.595,-12.498,-96.809,-2.975,-231.5,76.883,4937.2
11.867,30.876,39.218,-18.2,-97.6,-3.4809,-226.73,77.571,4936.9
-10.355,54.657,45.969,-23.715,-97.619,-3.8743,-221.98,78.261,4936.5
17.803,40.337,45.634,-28.963,-96.802,-4.1547,-217.23,78.952,4936.2
-27.819,-0.010979,39.592,-33.794,-95.119,-4.3293,-212.5,79.646,4935.8
-29.113,-35.809,29.867,-38.037,-92.549,-4.407,-207.79,80.342,4935.5
31.939,-45.099,18.488,-41.526,-89.071,-4.3966,-203.1,81.039,4935.1
-26.869,-30.184,7.2649,-44.093,-84.664,-4.3059,-198.44,81.737,4934.8
-6.865,-7.6568,-2.846,-45.568,-79.307,-4.142,-193.81,82.437,4934.4
18.147,15.349,-11.091,-45.789,-72.99,-3.9117,-189.21,83.139,4934.1
-18.02,32.411,-16.658,-44.62,-65.728,-3.6217,-184.66,83.841,4933.8
19.117,29.738,-18.795,-41.832,-57.651,-3.2787,-180.15,84.545,4933.4
2.2186,5.9086,-17.271,-37.27,-48.915,-2.8894,-175.7,85.25,4933.1
-18.171,-17.003,-12.918,-31.139,-39.676,-2.4607,-171.3,85.955,4932.7
16.206,-17.782,-7.0392,-23.731,-30.092,-1.9993,-166.97,86.661,4932.4
-14.102,-3.4112,-0.84721,-15.339,-20.318,-1.5118,-162.7,87.368,4932
3.1729,6.6301,4.31,-6.258,-10.512,-1.0051,-158.5,88.076,4931.7
10.757,8.3823,7.0388,3.2205,-0.8292,-0.4858,-154.38,88.783,4931.4
-2.0962,3.4606,6.3613,12.773,8.573,0.03926,-150.35,89.491,4931
-8.733,-2.3974,3.0512,21.863,17.538,0.56337,-146.4,90.2,4930.7
-5.5326,-3.678,-1.3369,29.56,25.91,1.0798,-142.55,90.908,4930.3
8.5795,-0.28742,-5.088,34.83,33.531,1.5818,-138.8,91.616,4930
-3.1801,4.5923,-6.2419,36.646,40.246,2.0626,-135.15,92.325,4929.7
-8.0957,5.8529,-3.1932,34.377,45.906,2.5155,-131.61,93.033,4929.3
-12.022,-0.69185,3.1593,28.8,50.404,2.9338,-128.18,93.74,4929
13.606,-11.023,9.027,21.027,53.704,3.3107,-124.87,94.447,4928.7
-14.879,-6.3668,11.391,12.121,55.831,3.6395,-121.69,95.153,4928.3
15.552,13.523,10.043,3.0321,56.817,3.9134,-118.63,95.858,4928
-15.194,25.644,5.7923,-5.6769,56.697,4.1269,-115.72,96.561,4927.7
-16.505,26.238,-0.49411,-13.54,55.497,4.2814,-112.94,97.263,4927.3
18.034,20.592,-8.0155,-20.09,53.235,4.3859,-110.3,97.962,4927
-20.479,16.463,-15.656,-24.862,49.926,4.4516,-107.81,98.659,4926.7
22.929,-1.1975,-22.211,-27.39,45.584,4.4911,-105.47,99.354,4926.4
-24.187,-29.864,-26.476,-27.208,40.222,4.515,-103.28,100.05,4926
-16.449,-46.092,-27.094,-24.039,33.888,4.5311,-101.24,100.73,4925.7
21.652,-46.115,-22.649,-18.366,26.765,4.5451,-99.335,101.42,4925.4
-18.355,-38.309,-13.856,-10.998,19.132,4.5611,-97.566,102.1,4925.1
14.293,-27.041,-2.4086,-2.7803,11.282,4.5804,-95.922,102.78,4924.7
-10.007,-9.478,9.8922,5.4416,3.5109,4.6032,-94.39,103.45,4924.4
6.3476,6.4287,21.246,12.822,-3.8874,4.6291,-92.96,104.11,4924.1
-4.7692,17.816,29.851,18.515,-10.618,4.6578,-91.621,104.78,4923.8
6.8345,37.174,33.907,21.687,-16.398,4.6888,-90.36,105.43,4923.5
-12.95,46.971,31.424,21.78,-21.031,4.7213,-89.166,106.08,4923.1
21.59,11.33,20.859,19.2,-24.525,4.7542,-88.027,106.73,4922.8
-30.166,-34.002,5.3064,14.595,-26.943,4.7866,-86.93,107.36,4922.5
-15.78,-39.341,-10.933,8.6168,-28.347,4.8172,-85.862,107.99,4922.2
4.2347,-12.759,-23.901,1.9146,-28.805,4.8468,-84.811,108.61,4921.9
41.42,18.362,-31.016,-4.8606,-28.385,4.8781,-83.762,109.23,4921.6
-14.439,30.262,-30.037,-11.062,-27.158,4.9164,-82.703,109.83,4921.3
-32.781,19.586,-19.975,-16.142,-25.189,4.9615,-81.619,110.43,4921
-17.117,-4.7692,-4.9085,-19.898,-22.552,5.0115,-80.497,111.01,4920.7
15.613,-24.265,9.8183,-22.178,-19.352,5.0643,-79.323,111.59,4920.4
-7.6022,-22.687,19.805,-22.812,-15.713,5.1181,-78.085,112.16,4920
2.5905,-3.676,24.432,-21.622,-11.77,5.1711,-76.769,112.72,4919.7
-1.9397,15.988,24.046,-18.453,-7.6504,5.2215,-75.362,113.26,4919.4
5.5194,23.742,19.175,-13.34,-3.4799,5.2676,-73.849,113.8,4919.1
-8.3153,25.484,10.937,-6.7324,0.61691,5.308,-72.22,114.32,4918.9
-19.342,21.867,1.2072,0.77351,4.515,5.341,-70.459,114.83,4918.6
20.718,11.53,-8.1421,8.422,8.0894,5.3656,-68.555,115.33,4918.3
30.119,-6.2658,-15.502,15.552,11.215,5.3831,-66.497,115.82,4918
-30.724,-28.536,-19.343,21.559,13.768,5.3952,-64.276,116.29,4917.7
27.637,-34.045,-18.275,26.002,15.622,5.4047,-61.883,116.75,4917.4
19.4,-19.321,-11.789,28.755,16.652,5.4155,-59.31,117.2,4917.1
1.9723,5.4348,-2.0669,29.772,16.735,5.4328,-56.551,117.63,4916.8
-11.131,27.963,8.0464,28.963,15.79,5.4568,-53.601,118.04,4916.5
9.378,37.291,15.708,26.081,13.922,5.466,-50.459,118.45,4916.2
-11.58,27.759,18.798,20.872,11.293,5.4402,-47.13,118.83,4916
18.592,0.79955,17.939,13.393,8.067,5.3616,-43.621,119.2,4915.7
24.714,-23.945,13.901,4.3233,4.4097,5.2119,-39.94,119.56,4915.4
-32.623,-32.142,7.3083,-5.5141,0.4921,4.9682,-36.096,119.9,4915.1
36.816,-19.165,-1.0334,-15.295,-3.5132,4.6076,-32.1,120.22,4914.9
45.016,1.8279,-9.5325,-24.196,-7.4335,4.1083,-27.963,120.52,4914.6
-32.831,15.97,-16.189,-31.394,-11.096,3.4512,-23.699,120.81,4914.3
-48.812,19.865,-19.431,-36.064,-14.327,2.6176,-19.325,121.07,4914
-17.64,15.326,-19.64,-37.384,-16.947,1.5843,-14.858,121.32,4913.8
42.832,6.6672,-17.501,-34.727,-18.795,0.32858,-10.318,121.55,4913.5
28.184,-1.7367,-12.812,-28.367,-19.811,-1.1679,-5.7301,121.76,4913.2
-3.1156,-7.0581,-5.3616,-19.199,-19.983,-2.9131,-1.1196,121.95,4913
-22.194,-5.874,3.8661,-8.2239,-19.343,-4.8775,3.4859,122.12,4912.7
15.12,1.5388,12.737,3.556,-17.942,-7.0104,8.058,122.27,4912.5
-9.9384,2.1042,18.893,15.14,-15.833,-9.2599,12.568,122.4,4912.2
8.3075,-1.8514,19.641,25.526,-13.067,-11.574,16.987,122.51,4912
-10.832,2.7711,12.353,33.742,-9.695,-13.901,21.285,122.6,4911.7
-7.6342,3.0359,-0.21088,38.953,-5.7697,-16.188,25.433,122.66,4911.5
20.898,-0.984,-13.155,40.44,-1.3424,-18.382,29.402,122.71,4911.2
27.922,-5.1184,-20.901,37.524,3.5174,-20.433,33.162,122.73,4911
-29.529,-5.1001,-18.951,29.833,8.6622,-22.291,36.687,122.72,4910.7
26.707,6.9337,-8.3194,18.153,13.902,-23.91,39.953,122.7,4910.5
9.4047,8.568,6.0616,4.3327,19.039,-25.244,42.939,122.64,4910.2
-13.565,-1.5245,18.881,-9.5774,23.877,-26.258,45.63,122.57,4910
8.406,-11.512,26.101,-21.614,28.219,-26.918,48.017,122.47,4909.8
-7.038,1.8802,25.493,-30.454,31.869,-27.201,50.099,122.34,4909.5
9.6373,15.138,19.536,-35.991,34.629,-27.088,51.88,122.19,4909.3
-14.506,6.4731,11.363,-38.427,36.334,-26.568,53.368,122.02,4909.1
19.302,-11.399,2.1101,-38.087,36.956,-25.65,54.574,121.81,4908.8
-13.42,-19.905,-7.5859,-35.357,36.546,-24.355,55.509,121.58,4908.6
-23.563,-13.128,-17.164,-30.635,35.169,-22.711,56.182,121.33,4908.4
22.456,6.9488,-26.361,-24.318,32.888,-20.742,56.604,121.05,4908.2
17.182,20.362,-34.993,-16.802,29.762,-18.471,56.785,120.73,4907.9
-7.1005,14.147,-42.257,-8.4853,25.85,-15.918,56.734,120.4,4907.7
-13.88,-3.6087,-44.879,0.21936,21.209,-13.103,56.462,120.03,4907.5
12.707,-15.858,-38.908,8.8341,15.898,-10.046,55.978,119.64,4907.3
-13.12,-1.7454,-21.838,16.769,9.9751,-6.7679,55.291,119.22,4907.1
14.248,12.386,2.6242,23.408,3.4985,-3.289,54.412,118.78,4906.9
-15.372,0.38223,28.622,28.138,-3.4753,0.37033,53.351,118.31,4906.7
17.73,-11.532,47.73,30.34,-10.886,4.1898,52.116,117.81,4906.5
18.662,-4.1091,52.378,29.344,-18.607,8.1491,50.717,117.28,4906.3
-21.789,18.044,43.634,24.738,-26.416,12.228,49.165,116.73,4906.1
-0.49445,19.025,24.49,17.33,-34.068,16.405,47.469,116.16,4905.9
28.822,-3.6389,0.87094,8.2358,-41.316,20.662,45.639,115.56,4905.7
-30.331,-29.699,-21.232,-1.4276,-47.917,24.977,43.684,114.93,4905.5
17.903,-20.284,-37.097,-10.545,-53.625,29.329,41.614,114.28,4905.3
27.881,15.894,-46.309,-17.999,-58.194,33.699,39.439,113.6,4905.1
-3.6864,53.522,-49.626,-22.675,-61.38,38.067,37.169,112.9,4904.9
-23.935,55.973,-47.491,-23.802,-62.937,42.412,34.813,112.18,4904.7
23.885,2.7,-39.567,-21.949,-62.68,46.715,32.381,111.43,4904.5
-25.478,-54.518,-27.597,-17.844,-60.649,50.942,29.883,110.65,4904.4
-20.277,-70.631,-14.009,-12.122,-56.985,55.054,27.328,109.85,4904.2
12.506,-53.175,-1.1607,-5.4087,-51.843,59.015,24.724,109.03,4904
31.71,-23.464,10.079,1.6727,-45.377,62.788,22.08,108.18,4903.8
16.97,1.2107,19.233,8.4979,-37.741,66.336,19.403,107.31,4903.7
-29.403,20.922,25.827,14.443,-29.088,69.623,16.701,106.42,4903.5
0.67411,38.388,29.383,18.883,-19.574,72.613,13.981,105.5,4903.3
21.004,53.62,29.425,21.195,-9.352,75.27,11.252,104.56,4903.2
13.415,65.112,25.301,20.935,1.4198,77.558,8.5196,103.6,4903
2.8311,67.396,16.283,18.369,12.557,79.441,5.7913,102.61,4902.8
-10.532,52.193,4.1447,13.889,23.834,80.884,3.0731,101.61,4902.7
11.256,15.035,-8.0879,7.8957,34.99,81.853,0.37114,100.57,4902.5
1.9131,-24.5,-17.236,0.81851,45.739,82.314,-2.309,99.522,4902.4
-19.184,-47.732,-20.119,-6.8981,55.78,82.233,-4.9623,98.446,4902.2
24.211,-43.774,-14.739,-14.658,64.762,81.577,-7.5846,97.349,4902.1
20.933,-24.556,-3.8459,-21.415,72.324,80.314,-10.172,96.231,4901.9
8.6016,-3.0921,8.5583,-25.946,78.106,78.41,-12.72,95.09,4901.8
-15.524,14.45,18.452,-27.009,81.747,75.833,-15.225,93.929,4901.6
-37.535,22.48,21.812,-23.437,82.959,72.55,-17.682,92.746,4901.5
-33.312,14.742,15.852,-14.814,81.735,68.546,-20.089,91.542,4901.3
36.976,-8.1578,2.7089,-2.6579,78.124,63.858,-22.44,90.317,4901.2
-19.428,-17.063,-14.243,10.893,72.327,58.535,-24.731,89.071,4901.1
-29.264,0.25232,-30.113,23.582,64.665,52.626,-26.96,87.805,4900.9
22.658,20.416,-34.375,33.228,55.48,46.179,-29.12,86.519,4900.8
-16.07,-4.2829,-20.229,38.321,45.117,39.244,-31.209,85.212,4900.7
13,-28.932,4.6414,38.677,33.91,31.869,-33.223,83.886,4900.6
-20.592,-4.3374,29.681,34.78,22.103,24.104,-35.156,82.539,4900.4
-25.177,27.874,47.998,27.153,9.9093,15.998,-37.006,81.173,4900.3
26.454,48.446,54.074,16.369,-2.4592,7.5992,-38.769,79.788,4900.2
37.529,51.711,44.618,3.3017,-14.792,-1.043,-40.439,78.383,4900.1
76.61,35.074,20.117,-10.907,-26.878,-9.8797,-42.014,76.959,4900
43.966,-3.3598,-12.566,-25.067,-38.505,-18.862,-43.488,75.516,4899.9
-17.437,-44.981,-45.092,-37.988,-49.464,-27.94,-44.859,74.054,4899.7
-119.95,-65.684,-69.121,-48.479,-59.542,-37.067,-46.122,72.574,4899.6
-120.4,-48.206,-78.173,-55.349,-68.529,-46.191,-47.272,71.075,4899.5
43.926,-4.4063,-73.482,-57.701,-76.214,-55.265,-48.306,69.558,4899.4
116.31,39.939,-59.243,-55.767,-82.424,-64.24,-49.221,68.023,4899.3
102.05,60.631,-39.854,-49.99,-87.139,-73.067,-50.01,66.47,4899.2
45.852,49.505,-19.096,-41.043,-90.377,-81.695,-50.672,64.899,4899.1
-76.263,12.55,0.5633,-29.668,-92.157,-90.078,-51.201,63.31,4899
63.308,-31.547,16.426,-16.583,-92.522,-98.165,-51.594,61.704,4899
40.006,-39.654,25.977,-2.4032,-91.616,-105.91,-51.846,60.081,4898.9
-45.49,-14.405,29.137,12.279,-89.61,-113.26,-51.954,58.441,4898.8
39.486,18.134,30.705,26.873,-86.675,-120.16,-51.913,56.784,4898.7
-34.024,21.57,35.737,40.787,-82.979,-126.56,-51.72,55.11,4898.6
4.0867,3.7185,45.552,53.429,-78.69,-132.43,-51.37,53.42,4898.5
23.556,-12.734,59.679,64.209,-73.968,-137.71,-50.859,51.713,4898.5
-19.337,-11.097,76.816,72.534,-68.972,-142.37,-50.184,49.99,4898.4
2.7174,-0.22239,93.223,77.814,-63.849,-146.38,-49.34,48.252,4898.3
8.5765,8.7072,104.55,79.457,-58.726,-149.74,-48.323,46.498,4898.2
15.426,5.6418,106.28,76.984,-53.696,-152.45,-47.131,44.73,4898.2
-17.773,-11.634,94.177,70.464,-48.761,-154.53,-45.758,42.946,4898.1
21.812,-16.453,68.021,60.498,-43.905,-156.01,-44.202,41.149,4898
-26.784,6.6091,30.261,47.789,-39.109,-156.9,-42.461,39.337,4898
-1.4806,28.492,-10.63,33.043,-34.354,-157.22,-40.541,37.512,4897.9
24.701,31.713,-47.383,16.963,-29.622,-156.98,-38.449,35.674,4897.9
38.393,9.5067,-76.007,0.25279,-24.895,-156.19,-36.196,33.824,4897.8
-38.678,-28.723,-93.168,-16.383,-20.155,-154.86,-33.79,31.962,4897.8
-35.943,-47.162,-95.521,-32.24,-15.384,-152.99,-31.243,30.09,4897.7
33.753,-21.776,-81.326,-46.642,-10.563,-150.6,-28.563,28.207,4897.7
-30.402,26.935,-55.183,-59.082,-5.6733,-147.69,-25.761,26.315,4897.6
-9.6391,55.62,-23.057,-69.318,-0.69794,-144.28,-22.846,24.415,4897.6
25.89,59.154,9.1485,-77.168,4.3852,-140.37,-19.827,22.506,4897.5
-25.601,45.194,36.218,-82.466,9.6111,-135.97,-16.716,20.59,4897.5
7.744,25.878,56.043,-85.049,15.018,-131.1,-13.52,18.668,4897.5
21.865,6.2896,68.58,-84.752,20.643,-125.76,-10.251,16.74,4897.4
36.566,-10.582,74.037,-81.388,26.5,-119.96,-6.9183,14.806,4897.4
36.851,-21.473,72.45,-74.718,32.521,-113.71,-3.5308,12.868,4897.4
-18.067,-24.902,64.522,-64.725,38.616,-107.02,-0.098691,10.926,4897.4
-45.478,-25.855,51.537,-51.838,44.697,-99.893,3.3682,8.9811,4897.3
31.807,-29.527,34.949,-36.659,50.672,-92.348,6.8603,7.0338,4897.3
41.005,-35.548,16.444,-20.02,56.455,-84.39,10.368,5.0847,4897.3
52.459,-42.159,-2.3201,-2.7266,61.954,-76.029,13.881,3.1347,4897.3
16.672,-46.079,-19.711,14.442,67.081,-67.274,17.389,1.1843,4897.3
-49.536,-37.906,-34.131,30.706,71.746,-58.133,20.884,-0.76561,4897.3
-15.8,-11.487,-44.082,45.286,75.861,-48.616,24.356,-2.7145,4897.2
41.704,19.735,-47.986,57.432,79.336,-38.733,27.794,-4.6615,4897.2
-1.6405,38.767,-44.437,66.602,82.081,-28.493,31.188,-6.6061,4897.2
-32.997,34.284,-33.088,72.629,84.007,-17.904,34.53,-8.5475,4897.2
29.489,4.7324,-16.571,75.428,85.026,-6.9771,37.809,-10.485,4897.2
7.8557,-24.858,1.1881,74.916,85.047,4.2798,41.016,-12.418,4897.2
-24.265,-36.348,16.469,71.008,83.987,15.854,44.141,-14.345,4897.3
21.933,-23.453,27.391,63.601,81.794,27.719,47.173,-16.267,4897.3
14.998,-3.9413,34.013,52.59,78.444,39.834,50.104,-18.182,4897.3
-1.9587,13.581,36.521,38.092,73.974,52.151,52.924,-20.089,4897.3
-16.682,25.04,34.27,21.121,68.444,64.611,55.622,-21.989,4897.3
16.66,29.956,26.93,2.8733,61.922,77.147,58.19,-23.88,4897.3
-17.852,37.196,15.055,-15.465,54.481,89.686,60.617,-25.761,4897.3
-3.2123,38.236,-0.053983,-32.708,46.199,102.15,62.894,-27.632,4897.4
22.232,23.392,-15.466,-47.669,37.156,114.46,65.01,-29.492,4897.4
14.419,-9.4838,-27.707,-59.162,27.438,126.54,66.956,-31.34,4897.4
-25.017,-36.258,-33.264,-66,17.133,138.29,68.723,-33.177,4897.5
24.339,-31.624,-29.695,-67.139,6.3307,149.62,70.301,-35,4897.5
-21.789,1.0444,-18.907,-62.338,-4.8404,160.45,71.681,-36.811,4897.5
17.442,28.034,-4.1982,-52.445,-16.115,170.67,72.852,-38.608,4897.6
-11.955,29.044,11.053,-38.543,-27.194,180.21,73.807,-40.392,4897.6
6.7164,14.984,23.714,-21.716,-37.775,188.97,74.535,-42.162,4897.7
-1.3507,-2.7427,31.512,-3.0476,-47.56,196.86,75.027,-43.918,4897.7
-3.5306,-16.89,31.948,16.379,-56.247,203.79,75.274,-45.659,4897.7
7.9577,-21.51,22.617,35.269,-63.537,209.67,75.266,-47.385,4897.8
5.2864,-2.2029,3.8719,51.547,-69.129,214.4,74.994,-49.097,4897.9
-25.475,20.294,-16.053,63.168,-72.733,217.9,74.45,-50.793,4897.9
37.287,14.072,-28.354,68.142,-74.109,220.15,73.623,-52.474,4898
38.069,-14.204,-29.923,64.852,-73.122,221.15,72.507,-54.14,4898
-36.51,-23.306,-20.557,53.527,-69.94,220.9,71.097,-55.79,4898.1
29.542,14.764,-3.0631,36.278,-64.811,219.42,69.4,-57.425,4898.2
-21.558,27.851,14.458,15.713,-58.009,216.74,67.428,-59.044,4898.2
18.347,-4.7412,24.574,-5.8616,-49.819,212.89,65.192,-60.646,4898.3
-22.847,-20.5,26.708,-26.738,-40.522,207.92,62.703,-62.233,4898.4
33.229,-30.787,22.132,-45.491,-30.401,201.86,59.972,-63.803,4898.5
-45.195,-37.963,12.255,-60.836,-19.739,194.76,57.011,-65.357,4898.5
-21.849,-16.934,-0.85543,-71.516,-8.8161,186.65,53.829,-66.894,4898.6
6.3576,17.913,-13.016,-76.276,2.0873,177.57,50.44,-68.414,4898.7
68.262,41.756,-20.962,-73.905,12.701,167.55,46.853,-69.917,4898.8
1.8623,37.042,-22.792,-63.529,22.764,156.65,43.079,-71.404,4898.9
-66.708,13.701,-20.579,-45.53,32.078,144.89,39.131,-72.873,4899
-12.924,-12.695,-15.872,-22.121,40.458,132.31,35.018,-74.324,4899.1
17.496,-31.826,-9.4784,4.0773,47.721,118.96,30.753,-75.758,4899.2
45.301,-35.7,-1.1062,30.445,53.679,104.87,26.345,-77.174,4899.3
13.713,-18.953,8.5212,54.361,58.143,90.1,21.807,-78.573,4899.4
-29.877,8.4265,16.958,73.205,60.915,74.69,17.15,-79.953,4899.5
25.138,25.909,21.34,84.374,61.816,58.71,12.384,-81.315,4899.6
8.1884,25.396,18.9,85.79,60.773,42.248,7.5201,-82.659,4899.7
4.1166,15.19,9.0005,77.516,57.787,25.405,2.5705,-83.984,4899.8
-28.945,1.8957,-4.6537,61.239,53.088,8.2858,-2.4542,-85.29,4899.9
34.849,-8.8842,-17.348,38.939,46.958,-9.0066,-7.543,-86.578,4900
44.697,-10.115,-24.366,12.594,39.684,-26.368,-12.685,-87.846,4900.2
-55.169,0.80784,-21.64,-15.747,31.549,-43.696,-17.868,-89.096,4900.3
-62.098,8.484,-8.1671,-43.551,22.839,-60.885,-23.082,-90.326,4900.4
-25.794,1.6343,12.829,-67.378,13.838,-77.832,-28.316,-91.537,4900.5
66.03,-11.347,29.832,-83.383,4.831,-94.434,-33.558,-92.728,4900.7
-58.557,-9.4931,28.942,-88.464,-3.8974,-110.59,-38.797,-93.899,4900.8
45.836,18.412,10.74,-83.588,-12.091,-126.19,-44.022,-95.05,4900.9
-32.961,12.748,-15.668,-70.645,-19.612,-141.13,-49.223,-96.181,4901.1
25.131,-28.141,-36.356,-51.579,-26.347,-155.31,-54.387,-97.292,4901.2
24.423,-27.318,-39.457,-28.633,-32.187,-168.63,-59.505,-98.383,4901.4
-27.526,10.861,-26.795,-3.984,-37.039,-180.98,-64.564,-99.453,4901.5
33.564,44.157,-5.4814,20.452,-40.878,-192.25,-69.553,-100.5,4901.7
-39.428,17.787,17.53,42.82,-43.7,-202.36,-74.463,-101.53,4901.8
43.735,-38.47,37.651,61.262,-45.498,-211.18,-79.28,-102.54,4902
-46.545,-58.972,50.021,73.947,-46.289,-218.62,-83.995,-103.52,4902.1
-29.881,-32.381,50.991,79.483,-46.183,-224.57,-88.596,-104.49,4902.3
48.844,14.801,42.549,78.04,-45.3,-228.95,-93.072,-105.43,4902.5
44.255,54.41,27.591,70.698,-43.724,-231.73,-97.412,-106.35,4902.6
-46.8,76.556,9.002,58.739,-41.547,-232.95,-101.6,-107.25,4902.8
-24.612,77.783,-10.086,43.46,-38.863,-232.65,-105.64,-108.13,4903
40.727,52.213,-27.55,26.158,-35.76,-230.89,-109.51,-108.99,4903.2
-29.03,5.9253,-42.158,8.1273,-32.303,-227.72,-113.21,-109.82,4903.3
-33.312,-45.122,-52.836,-9.3339,-28.551,-223.24,-116.74,-110.63,4903.5
4.6944,-82.61,-58.512,-24.929,-24.56,-217.51,-120.09,-111.42,4903.7
29.077,-87.221,-58.272,-37.429,-20.39,-210.59,-123.28,-112.18,4903.9
-29.248,-51.838,-52.151,-46.1,-16.097,-202.58,-126.29,-112.93,4904.1
-29.141,3.2128,-41.584,-51.201,-11.733,-193.53,-129.13,-113.64,4904.3
-6.0208,56.065,-28.351,-53.184,-7.345,-183.51,-131.8,-114.34,4904.5
34.884,86.17,-14.24,-52.495,-2.9802,-172.61,-134.3,-115.01,4904.6
-36.013,80.907,-0.75352,-49.569,1.3033,-160.9,-136.62,-115.66,4904.8
-26.298,56.845,11.724,-44.834,5.4434,-148.43,-138.78,-116.29,4905
36.33,28.403,22.916,-38.72,9.3779,-135.3,-140.76,-116.89,4905.3
-36.833,2.6717,32.497,-31.658,13.045,-121.57,-142.57,-117.47,4905.5
1.5581,-27.536,40.146,-24.077,16.382,-107.3,-144.21,-118.02,4905.7
39.017,-54.346,45.538,-16.407,19.327,-92.587,-145.68,-118.55,4905.9
32.048,-65.258,48.35,-9.0775,21.819,-77.486,-146.97,-119.05,4906.1
-38.217,-50.027,48.295,-2.5094,23.794,-62.075,-148.1,-119.53,4906.3
34.949,-9.7595,45.126,3.0142,25.191,-46.424,-149.05,-119.99,4906.5
-2.4904,28.204,38.286,7.5625,25.948,-30.607,-149.83,-120.42,4906.8
-24.186,46.142,27.322,11.104,26.002,-14.695,-150.44,-120.82,4907
-5.5385,34.929,12.397,13.558,25.292,1.2381,-150.87,-121.2,4907.2
16.238,5.5853,-4.0672,14.859,23.756,17.121,-151.14,-121.56,4907.5
-16.142,-19.683,-19.14,14.982,21.352,32.88,-151.23,-121.88,4907.7
18.411,-29.107,-29.949,13.876,18.124,48.438,-151.15,-122.19,4907.9
-20.922,-7.2855,-33.939,11.597,14.189,63.719,-150.9,-122.46,4908.2
21.67,24.194,-29.224,8.2397,9.7343,78.641,-150.48,-122.72,4908.4
4.2473,23.17,-15.254,4.1972,4.9681,93.12,-149.88,-122.94,4908.7
-17.59,-1.7961,4.0738,0.16166,0.096797,107.08,-149.11,-123.14,4908.9
14.667,-22.278,21.281,-3.1174,-4.6715,120.42,-148.17,-123.32,4909.2
3.0058,-15.504,29.543,-4.8903,-9.1233,133.07,-147.05,-123.47,4909.4
-5.3072,5.8621,27.549,-4.657,-13.04,144.94,-145.76,-123.6,4909.7
-9.9776,23.814,16.298,-2.909,-16.207,155.92,-144.3,-123.7,4909.9
10.351,22.254,-1.798,-0.36537,-18.475,165.94,-142.66,-123.78,4910.2
-11.419,-3.1074,-19.841,2.2316,-19.682,174.9,-140.84,-123.84,4910.5
12.766,-24.641,-29.775,4.0949,-19.666,182.71,-138.85,-123.87,4910.7
-14.538,-18.809,-25.793,4.4658,-18.313,189.34,-136.68,-123.88,4911
17.254,5.4871,-11.635,3.2982,-15.65,194.8,-134.34,-123.86,4911.3
-4.5283,23.241,6.5644,0.89323,-11.905,199.12,-131.82,-123.82,4911.5
-25.083,20.539,22.853,-2.3778,-7.3716,202.35,-129.12,-123.76,4911.8
28.742,-4.577,32.166,-6.1104,-2.3781,204.51,-126.25,-123.67,4912.1
19.266,-21.817,30.187,-9.8491,2.7299,205.66,-123.19,-123.56,4912.4
-31.07,-9.7186,15.017,-12.988,7.6027,205.81,-119.96,-123.43,4912.7
28.532,22.654,-5.6672,-14.836,11.883,205.03,-116.56,-123.28,4913
-24.122,14.328,-22.89,-14.757,15.276,203.35,-112.97,-123.1,4913.2
19.538,-24.419,-32.085,-12.389,17.755,200.86,-109.21,-122.9,4913.5
-3.7626,-27.194,-30.888,-7.5946,19.363,197.6,-105.28,-122.68,4913.8
-13.717,3.917,-21.553,-0.85173,20.146,193.64,-101.19,-122.44,4914.1
12.637,31.329,-8.2678,7.2082,20.16,189.02,-96.936,-122.17,4914.4
-6.4725,27.909,4.904,15.953,19.476,183.8,-92.529,-121.88,4914.7
-12.117,8.4713,15.471,24.752,18.162,177.99,-87.976,-121.57,4915
11.651,-5.5636,22.205,32.973,16.286,171.65,-83.281,-121.24,4915.3
-10.887,-8.2946,24.494,39.984,13.916,164.81,-78.454,-120.89,4915.7
0.20135,-11.08,23.281,45.147,11.12,157.51,-73.5,-120.52,4916
10.121,-17.449,19.881,47.84,7.9672,149.8,-68.428,-120.13,4916.3
-10.958,-25.749,15.375,47.671,4.5323,141.72,-63.243,-119.71,4916.6
0.14306,-33.313,10.453,44.631,0.8944,133.3,-57.953,-119.28,4916.9
15.724,-39.526,5.506,39.014,-2.8668,124.58,-52.565,-118.82,4917.2
14.348,-44.308,0.86967,31.165,-6.6715,115.61,-47.086,-118.35,4917.6
-20.128,-47.391,-3.1218,21.435,-10.44,106.43,-41.524,-117.85,4917.9
-28.184,-48.416,-6.1791,10.17,-14.092,97.072,-35.884,-117.34,4918.2
32.866,-46.397,-8.1946,-2.2806,-17.548,87.582,-30.175,-116.8,4918.5
-8.3222,-39.267,-9.1121,-15.569,-20.729,77.999,-24.403,-116.25,4918.9
-38.375,-27.526,-8.8804,-29.344,-23.554,68.364,-18.575,-115.67,4919.2
-44.312,-12.43,-7.4845,-43.216,-25.945,58.716,-12.699,-115.08,4919.5
-26.391,4.3947,-5.0392,-56.71,-27.82,49.097,-6.7814,-114.47,4919.9
-14.434,19.829,-1.8726,-69.311,-29.097,39.543,-0.82925,-113.84,4920.2
45.431,30.448,1.4948,-80.416,-29.68,30.078,5.1503,-113.19,4920.6
0.74733,34.294,4.2663,-89.409,-29.445,20.7,11.15,-112.52,4920.9
-16.613,34.312,5.61,-95.697,-28.26,11.395,17.163,-111.83,4921.2
-32.795,34.523,4.8513,-98.697,-25.995,2.1374,23.183,-111.12,4921.6
26.435,33.799,2.0032,-97.813,-22.642,-7.0703,29.201,-110.4,4921.9
-20.632,17.511,-2.0546,-92.389,-18.352,-16.206,35.212,-109.65,4922.3
17.332,-6.6102,-5.9779,-82.034,-13.307,-25.245,41.208,-108.89,4922.6
-17.3,-15.464,-8.209,-66.714,-7.6914,-34.16,47.182,-108.11,4923
19.117,-19.807,-7.4878,-46.814,-1.6882,-42.925,53.126,-107.32,4923.4
-20.249,-16.637,-3.0414,-23.543,4.5189,-51.516,59.035,-106.51,4923.7
19.117,2.6244,3.4795,1.6951,10.747,-59.906,64.901,-105.67,4924.1
6.2036,12.317,9.803,27.495,16.811,-68.069,70.716,-104.83,4924.4
-12.221,4.3551,13.319,52.452,22.53,-75.98,76.474,-103.96,4924.8
9.1432,-9.5011,10.345,75.15,27.718,-83.612,82.167,-103.08,4925.2
6.1167,-4.2311,-0.36735,94.134,32.194,-90.94,87.789,-102.18,4925.5
-7.3203,8.6609,-12.81,107.91,35.772,-97.938,93.333,-101.27,4925.9
8.3709,8.4149,-18.689,114.84,38.27,-104.58,98.791,-100.33,4926.3
-10.17,-6.9579,-14.295,113.84,39.53,-110.84,104.16,-99.386,4926.6
11.98,-9.3995,-0.96086,106.24,39.519,-116.7,109.43,-98.423,4927
-12.97,4.1752,15.87,93.922,38.326,-122.12,114.59,-97.443,4927.4
-0.22551,10.333,25.74,78.834,36.066,-127.08,119.65,-96.448,4927.8
11.244,5.7648,19.906,63.105,32.858,-131.56,124.59,-95.437,4928.2
-4.7483,-7.8547,2.7895,47.55,28.826,-135.54,129.4,-94.411,4928.5
-6.8528,-14.198,-17.862,32.623,24.094,-139,134.09,-93.369,4928.9
5.5583,0.65427,-33.926,18.776,18.782,-141.93,138.65,-92.312,4929.3
-6.0499,20.619,-36.185,6.3256,13.015,-144.3,143.06,-91.241,4929.7
8.8783,12.744,-19.794,-4.9801,6.9147,-146.1,147.33,-90.154,4930.1
-14.378,-22.822,7.002,-15.61,0.60425,-147.31,151.45,-89.053,4930.5
22.929,-35.842,31.562,-26.051,-5.7937,-147.91,155.4,-87.937,4930.8
-8.4937,2.2956,43.199,-36.832,-12.156,-147.88,159.2,-86.807,4931.2
-48.271,46.654,40.064,-48.347,-18.361,-147.21,162.82,-85.663,4931.6
63.065,40.317,22.911,-59.884,-24.28,-145.88,166.27,-84.505,4932
-53.616,-10.99,-1.9291,-70.445,-29.768,-143.92,169.56,-83.333,4932.4
-88.895,-58.318,-26.656,-79.034,-34.672,-141.35,172.7,-82.148,4932.8
29.395,-60.317,-43.469,-84.653,-38.842,-138.18,175.67,-80.949,4933.2
89.109,-32.58,-46.761,-86.321,-42.131,-134.44,178.5,-79.736,4933.6
99.996,3.3486,-39.361,-83.414,-44.434,-130.15,181.18,-78.51,4934
62.65,31.645,-25.036,-76.474,-45.751,-125.32,183.72,-77.271,4934.4
-31.756,49.413,-7.2356,-66.304,-46.132,-120,186.12,-76.02,4934.8
-41.351,54.612,10.588,-53.693,-45.629,-114.23,188.39,-74.755,4935.2
-60.169,50.809,25.237,-39.433,-44.289,-108.03,190.54,-73.478,4935.6
-8.583,42.045,34.833,-24.317,-42.161,-101.46,192.56,-72.188,4936
1.5361,30.911,39.162,-9.1341,-39.299,-94.558,194.47,-70.887,4936.4
19.005,19.12,38.938,5.3259,-35.761,-87.347,196.26,-69.573,4936.8
-10.772,7.6734,35.019,18.316,-31.601,-79.865,197.95,-68.247,4937.3
7.5736,-2.2585,28.237,29.243,-26.878,-72.148,199.53,-66.909,4937.7
-8.9386,-6.0991,19.273,37.692,-21.646,-64.227,201.01,-65.559,4938.1
12.471,-13.351,8.6416,43.419,-15.963,-56.138,202.4,-64.199,4938.5
-15.251,-13.403,-3.2589,46.295,-9.8851,-47.915,203.7,-62.826,4938.9
15.517,3.58,-15.122,46.211,-3.4684,-39.591,204.92,-61.443,4939.3
-13.369,8.6616,-22.236,43.077,3.2154,-31.2,206.06,-60.048,4939.7
10.187,-1.4154,-21.385,36.89,10.025,-22.776,207.12,-58.643,4940.2
-1.746,-7.9588,-14.474,27.934,16.768,-14.354,208.11,-57.227,4940.6
-5.9314,-7.7035,-4.9948,17.171,23.244,-5.9667,209.03,-55.8,4941
6.3002,-5.0599,4.1353,5.8795,29.251,2.3513,209.9,-54.363,4941.4
0.10555,4.4619,10.269,-4.6378,34.585,10.566,210.71,-52.916,4941.8
-10.607,14.804,11.206,-13.228,39.047,18.644,211.46,-51.459,4942.3
12.426,10.893,6.2037,-19.171,42.433,26.551,212.17,-49.991,4942.7
-12.993,-11.8,-1.2888,-22.425,44.551,34.252,212.84,-48.514,4943.1
12.451,-19.709,-6.7997,-23.158,45.266,41.715,213.47,-47.028,4943.5
-11.394,0.45574,-7.081,-21.678,44.55,48.905,214.06,-45.532,4944
10.235,19.942,-3.8057,-18.585,42.548,55.792,214.63,-44.026,4944.4
-9.0756,17.015,0.37229,-14.444,39.438,62.354,215.18,-42.512,4944.8
8.064,-0.81307,4.0377,-9.7329,35.397,68.569,215.7,-40.988,4945.2
-7.6015,-16.166,5.8266,-4.9289,30.6,74.418,216.22,-39.456,4945.7
8.0542,-14.015,4.8635,-0.51126,25.225,79.878,216.72,-37.915,4946.1
-9.2915,4.8578,2.2402,3.3248,19.446,84.93,217.22,-36.365,4946.5
10.644,12.521,-0.49076,6.4941,13.429,89.553,217.71,-34.807,4947
-11.413,-1.6067,-2.227,8.9297,7.3316,93.725,218.22,-33.241,4947.4
1.1564,-13.048,-3.6377,10.581,1.2926,97.427,218.73,-31.667,4947.8
10.863,-10.123,-5.5322,11.444,-4.5712,100.64,219.26,-30.085,4948.3
-5.8534,6.9149,-7.5084,11.649,-10.177,103.36,219.8,-28.495,4948.7
-9.9456,19.327,-8.8617,11.375,-15.466,105.57,220.37,-26.897,4949.1
10.62,15.587,-9,10.742,-20.388,107.28,220.97,-25.293,4949.6
-12.643,-2.9949,-7.7912,9.6139,-24.894,108.49,221.59,-23.681,4950
1.0137,-22.264,-5.3013,7.8754,-28.935,109.18,222.26,-22.061,4950.4
17.475,-32.659,-1.7942,5.6078,-32.464,109.35,222.97,-20.435,4950.9
26.018,-28.771,2.3442,2.9397,-35.432,109.01,223.71,-18.802,4951.3
-4.2057,-8.6812,6.4282,-0.00042056,-37.791,108.16,224.5,-17.163,4951.7
-39.544,16.861,9.6972,-3.0839,-39.492,106.79,225.33,-15.517,4952.2
-43.2,35.831,11.418,-6.2094,-40.489,104.92,226.19,-13.864,4952.6
-25.635,44.216,10.927,-9.3467,-40.746,102.55,227.08,-12.206,4953.1
9.0244,40.996,7.7823,-12.336,-40.232,99.702,228.02,-10.541,4953.5
40.363,24.119,2.861,-14.946,-38.92,96.404,228.98,-8.871,4953.9
51.966,-5.9851,-2.6193,-16.928,-36.797,92.681,229.98,-7.1949,4954.4
-48.814,-34.826,-7.441,-17.991,-33.894,88.561,231.01,-5.5133,4954.8
43.553,-40.769,-10.386,-17.814,-30.277,84.075,232.07,-3.8264,4955.3
-29.824,-28.161,-10.605,-16.113,-26.045,79.259,233.17,-2.1342,4955.7
-32.292,-15.201,-8.6684,-12.916,-21.306,74.146,234.3,-0.43691,4956.1
29.311,-11.697,-5.3201,-8.5182,-16.17,68.769,235.47,1.2653,4956.6
8.1627,-8.1528,-1.2558,-3.2614,-10.745,63.161,236.66,2.9722,4957
-19.992,-2.5819,2.8292,2.512,-5.14,57.357,237.89,4.6837,4957.5
-32.841,4.0969,6.2393,8.4597,0.53731,51.39,239.16,6.3997,4957.9
3.2309,11.03,8.2791,14.24,6.178,45.294,240.46,8.1199,4958.4
37.385,13.172,8.2531,19.509,11.673,39.102,241.79,9.8442,4958.8
5.3802,6.8958,5.7763,23.974,16.915,32.847,243.15,11.573,4959.2
-36.397,-1.24,1.705,27.529,21.795,26.564,244.55,13.305,4959.7
14.991,-4.2372,-2.8077,30.131,26.203,20.286,245.98,15.04,4960.1
28.066,-3.5461,-6.6318,31.791,30.032,14.046,247.44,16.78,4960.6
-22.351,-2.0569,-8.5063,32.536,33.173,7.8791,248.94,18.522,4961
17.143,0.10129,-7.2459,32.465,35.522,1.8175,250.47,20.268,4961.5
1.0409,1.4948,-2.4533,31.938,37.003,-4.1079,252.04,22.017,4961.9
-12.664,-1.3738,5.0007,31.221,37.606,-9.8804,253.64,23.769,4962.3
14.315,-5.649,11.379,30.521,37.365,-15.492,255.27,25.523,4962.8
-1.5225,3.1021,12.392,30.032,36.338,-20.939,256.94,27.28,4963.2
-21.733,16.431,8.1025,29.877,34.59,-26.218,258.64,29.039,4963.7
24.178,18.323,0.30544,29.703,32.193,-31.324,260.37,30.801,4964.1
-24.174,-1.7138,-8.5963,29.038,29.225,-36.254,262.14,32.565,4964.6
4.8224,-25.083,-16.158,27.407,25.761,-41.005,263.94,34.33,4965
6.1025,-40.776,-19.957,24.337,21.875,-45.573,265.78,36.098,4965.4
15.105,-41.301,-18.239,19.502,17.644,-49.955,267.65,37.867,4965.9
-12.886,-23.057,-11.917,13.162,13.143,-54.145,269.55,39.637,4966.3
12.684,-2.0129,-2.5423,5.7334,8.4479,-58.142,271.49,41.409,4966.8
-0.24608,15.13,8.3228,-2.3492,3.6341,-61.942,273.46,43.182,4967.2
-18.041,30.087,19.11,-10.645,-1.2228,-65.542,275.47,44.955,4967.7
-15.52,46.023,28.252,-18.713,-6.0472,-68.937,277.51,46.73,4968.1
27.169,60.845,34.207,-26.14,-10.764,-72.127,279.59,48.506,4968.5
-1.4101,71.318,35.589,-32.666,-15.296,-75.106,281.71,50.281,4969
-25.928,75.289,31.218,-38.207,-19.57,-77.872,283.86,52.058,4969.4
-37.965,70.156,20.593,-42.63,-23.509,-80.422,286.05,53.834,4969.9
-26.256,52.1,5.6348,-45.78,-27.037,-82.75,288.27,55.611,4970.3
21.571,22.463,-11.134,-47.503,-30.08,-84.853,290.53,57.387,4970.7
37.558,-13.032,-27.192,-47.636,-32.568,-86.725,292.83,59.163,4971.2
33.925,-47.242,-40.015,-45.971,-34.474,-88.367,295.15,60.939,4971.6
7.211,-66.153,-47.083,-42.25,-35.814,-89.784,297.5,62.714,4972.1
-26.878,-52.94,-46.766,-36.334,-36.61,-90.98,299.89,64.488,4972.5
22.843,0.25901,-41.017,-28.571,-36.882,-91.961,302.3,66.261,4972.9
-19.686,48.529,-32.681,-19.431,-36.651,-92.734,304.73,68.034,4973.4
17.822,45.36,-24.298,-9.3846,-35.931,-93.307,307.19,69.805,4973.8
-16.679,14.42,-17.102,1.0989,-34.737,-93.693,309.66,71.575,4974.3
15.197,-11.093,-11.749,11.549,-33.085,-93.902,312.16,73.343,4974.7
-13.047,-21.486,-8.5373,21.495,-30.989,-93.945,314.67,75.11,4975.1
11.089,-7.1584,-6.12,30.468,-28.464,-93.833,317.2,76.874,4975.6
-10.42,12.587,-0.85974,37.996,-25.525,-93.577,319.75,78.637,4976
11.068,5.6036,9.9347,43.61,-22.187,-93.187,322.3,80.398,4976.4
-11.896,-9.3467,23.169,46.84,-18.465,-92.675,324.87,82.156,4976.9
11.886,-7.3781,34.917,47.215,-14.373,-92.052,327.44,83.912,4977.3
6.7162,-0.50161,43.715,44.277,-9.9378,-91.329,330.02,85.665,4977.7
-10.203,2.1246,48.68,37.646,-5.2279,-90.516,332.6,87.415,4978.2
-10.589,2.3175,48.601,27.357,-0.32342,-89.624,335.19,89.163,4978.6
12.447,6.6228,41.655,14.468,4.689,-88.664,337.77,90.907,4979
-15.636,22.834,26.822,0.28318,9.6962,-87.648,340.36,92.648,4979.4
18.527,24.059,6.0291,-13.896,14.578,-86.585,342.94,94.386,4979.9
11.945,-1.4983,-15.675,-26.768,19.214,-85.488,345.52,96.12,4980.3
-18.559,-26.956,-32.144,-37.029,23.486,-84.366,348.1,97.85,4980.7
-12.152,-26.723,-37.534,-43.386,27.279,-83.231,350.66,99.577,4981.2
11.434,-12.799,-29.37,-44.892,30.511,-82.094,353.21,101.3,4981.6
-7.8715,2.1715,-12.339,-41.905,33.126,-80.966,355.76,103.02,4982
6.6418,14.379,7.1845,-35.155,35.116,-79.856,358.29,104.73,4982.4
-8.6933,20.803,22.827,-25.384,36.489,-78.778,360.8,106.44,4982.9
12.814,1.7619,29.028,-13.334,37.252,-77.74,363.3,108.15,4983.3
-16.351,-14.695,23.404,0.20868,37.413,-76.755,365.77,109.85,4983.7
17.295,0.969,6.3791,14.155,36.978,-75.833,368.23,111.54,4984.1
-15.691,8.771,-12.677,26.867,35.953,-74.982,370.66,113.23,4984.5
13.188,-2.2677,-23.75,36.611,34.342,-74.212,373.07,114.91,4985
-11.407,-4.9812,-24.646,42.158,32.15,-73.53,375.45,116.59,4985.4
-5.1166,0.19327,-19.457,43.521,29.38,-72.94,377.8,118.27,4985.8
11.192,3.7794,-12.87,41.97,26.049,-72.447,380.13,119.94,4986.2
1.2004,-0.94526,-8.6168,39.031,22.18,-72.053,382.42,121.6,4986.6
-12.69,-9.8969,-6.8842,35.869,17.82,-71.758,384.68,123.25,4987
13.043,-17.647,-5.7547,32.343,13.023,-71.56,386.9,124.9,4987.4
